Koszula,2,ubrania,1
Bielizna,3,ubrania,1
Piżama,1,ubrania,1
Spodnie,2,ubrania,1
Sukienka,1,ubrania,1
Kurtka,1,ubrania,1
Szalik,1,ubrania,1
Okulary preciwsłoneczne,1,ubrania,1
Szpilki,1,ubrania,1
Koszula,1,ubrania,1
Koszulka,9,ubrania,2
Spodnie,1,ubrania,2
Bluza,3,ubrania,2
Majtki,11,ubrania,2
Skarpetki,11,ubrania,2
Biustonosz,6,ubrania,2
Rajstopy,1,ubrania,2
Piżama,1,ubrania,2
Spodenki,5,ubrania,2
Buty do biegania,1,ubrania,2
Szpilki,1,ubrania,2
Buty,2,ubrania,2
Sukienka,6,ubrania,2
Spódnica,3,ubrania,2
Strój kąpielowy,2,ubrania,2
Japonki,1,ubrania,2
Pareo,1,ubrania,2
Kapelusz,1,ubrania,2
Okulary przeciwsłoneczne,1,ubrania,2
Koszulka,3,ubrania,3
Spodnie,2,ubrania,3
Bluza,1,ubrania,3
Majtki,2,ubrania,3
Skarpetki,2,ubrania,3
Kurtka,1,ubrania,3
Biustonosz,1,ubrania,3
Piżama,1,ubrania,3
Buty,1,ubrania,3
Czapka,1,ubrania,3
Okulary do czytania,1,ubrania,3
Koszulka,3,ubrania,4
Spodnie,1,ubrania,4
Bluza,1,ubrania,4
Bielizna,3,ubrania,4
Dres,1,ubrania,4
Kurtka,2,ubrania,4
Rękawiczki rowerowe,1,ubrania,4
Piżama,1,ubrania,4
Spodenki,2,ubrania,4
Adidasy,1,ubrania,4
Kask,1,ubrania,4
Klapki,1,ubrania,4
Okulary przeciwsłoneczne,1,ubrania,4
Peleryna,1,ubrania,4
Koszulka,8,ubrania,5
Spodnie,3,ubrania,5
Bluza,3,ubrania,5
Majtki,10,ubrania,5
Skarpetki,10,ubrania,5
Biustonosz,5,ubrania,5
Buty,3,ubrania,5
Piżama,1,ubrania,5
Sukienka,3,ubrania,5
Strój kąpielowy,2,ubrania,5
Japonki,1,ubrania,5
Czapka,1,ubrania,5
Okulary przeciwsłoneczne,1,ubrania,5
Okulary do czytania,1,ubrania,5
Koszulka,4,ubrania,6
Spodnie,2,ubrania,6
Bluza,2,ubrania,6
Majtki,4,ubrania,6
Skarpetki,4,ubrania,6
Płaszcz,1,ubrania,6
Szalik,1,ubrania,6
Rękawiczki,1,ubrania,6
Biustonosz,2,ubrania,6
Rajstopy,1,ubrania,6
Piżama,1,ubrania,6
Buty,2,ubrania,6
Koszulka,1,ubrania,7
Spodnie,1,ubrania,7
Bluza,1,ubrania,7
Majtki,1,ubrania,7
Skarpetki,1,ubrania,7
Koszula,1,ubrania,7
Marynarka,1,ubrania,7
Płaszcz,1,ubrania,7
Szalik,1,ubrania,7
Rękawiczki,1,ubrania,7
Biustonosz,1,ubrania,7
Rajstopy,2,ubrania,7
Piżama,1,ubrania,7
Szpilki,1,ubrania,7
Spódnica,1,ubrania,7
Czapka,1,ubrania,7
Koszulka,6,ubrania,8
Spodnie,1,ubrania,8
Bluza,2,ubrania,8
Majtki,7,ubrania,8
Skarpetki,7,ubrania,8
Dres,1,ubrania,8
Kurtka,1,ubrania,8
Rękawiczki rowerowe,1,ubrania,8
Piżama,1,ubrania,8
Adidasy,1,ubrania,8
Spodenki,2,ubrania,8
Sweter,1,ubrania,8
Strój kąpielowy,1,ubrania,8
Klapki,1,ubrania,8
Koszulka,7,ubrania,9
Spodnie,1,ubrania,9
Bluza,2,ubrania,9
Bielizna,8,ubrania,9
Koszula,1,ubrania,9
Rajstopy,2,ubrania,9
Piżama,1,ubrania,9
Spodenki,5,ubrania,9
Buty,2,ubrania,9
Sukienka,3,ubrania,9
Spódnica,1,ubrania,9
Strój kąpielowy,2,ubrania,9
Japonki,1,ubrania,9
Okulary przeciwsłoneczne,1,ubrania,9
Kapelusz,1,ubrania,9
Koszulka,5,ubrania,10
Spodnie,2,ubrania,10
Bluza,2,ubrania,10
Majtki,5,ubrania,10
Skarpetki,5,ubrania,10
Kurtka,1,ubrania,10
Rajstopy,2,ubrania,10
Piżama,1,ubrania,10
Spodenki,2,ubrania,10
Adidasy,1,ubrania,10
Buty,1,ubrania,10
Sukienka,1,ubrania,10
Spódnica,1,ubrania,10
Klapki,1,ubrania,10
Czapka z daszkiem,1,ubrania,10
Okulary przeciwsłoneczne,1,ubrania,10
Okulary do czytania,1,ubrania,10
Kapelusz,1,ubrania,10
Koszulka,2,ubrania,11
Spodnie,2,ubrania,11
Bluza,2,ubrania,11
Majtki,3,ubrania,11
Skarpetki,3,ubrania,11
Kurtka,1,ubrania,11
Szalik,1,ubrania,11
Biustonosz,2,ubrania,11
Piżama,1,ubrania,11
Buty,2,ubrania,11
Sweter,1,ubrania,11
Spódnica,1,ubrania,11
Okulary do czytania,1,ubrania,11
Czapka,1,ubrania,11
Koszulka,5,ubrania,12
Spodnie,2,ubrania,12
Bluza,2,ubrania,12
Majtki,5,ubrania,12
Skarpetki,5,ubrania,12
Dres,1,ubrania,12
Koszula,1,ubrania,12
Piżama,1,ubrania,12
Spodenki,3,ubrania,12
Buty do biegania,1,ubrania,12
Buty,1,ubrania,12
Pianka,1,ubrania,12
Kąpielówki,1,ubrania,12
Klapki,1,ubrania,12
Okulary przeciwsłoneczne,1,ubrania,12
Czapka z daszkiem,1,ubrania,12
Koszulka,6,ubrania,13
Bluzka z długim rękawem,1,ubrania,13
Spodnie,3,ubrania,13
Bluza,3,ubrania,13
Majtki,7,ubrania,13
Skarpetki,7,ubrania,13
Bielizna termoaktywna,2,ubrania,13
Kurtka,1,ubrania,13
Szalik,1,ubrania,13
Komin,1,ubrania,13
Rękawiczki,1,ubrania,13
Piżama,1,ubrania,13
Buty,2,ubrania,13
Sweter,1,ubrania,13
Kominiarka,1,ubrania,13
Kask,1,ubrania,13
Klapki,1,ubrania,13
Spodnie narciarskie,1,ubrania,13
Czapka,1,ubrania,13
Koszulka,5,ubrania,14
Spodnie,5,ubrania,14
Bluzka z długim rękawem,1,ubrania,14
Bluza,2,ubrania,14
Majtki,15,ubrania,14
Skarpetki,15,ubrania,14
Koszula,11,ubrania,14
Marynarka,3,ubrania,14
Ganitur,1,ubrania,14
Krawat,1,ubrania,14
Piżama,1,ubrania,14
Buty,2,ubrania,14
Strój kąpielowy,1,ubrania,14
Klapki,1,ubrania,14
Okulary przeciwsłoneczne,1,ubrania,14
Okulary do czytania,1,ubrania,14
Okulary,1,ubrania,14
Kamizelka,1,ubrania,14
Koszulka,5,ubrania,15
Spodnie,2,ubrania,15
Bluza,2,ubrania,15
Majtki,5,ubrania,15
Skarpetki,5,ubrania,15
Koszula,1,ubrania,15
Kurtka,1,ubrania,15
Kamizelka,1,ubrania,15
Szalik,1,ubrania,15
Piżama,1,ubrania,15
Adidasy,1,ubrania,15
Buty,1,ubrania,15
Sweter,1,ubrania,15
Czapka,1,ubrania,15
Okulary do czytania,1,ubrania,15
Okulary,1,ubrania,15
Peleryna,1,ubrania,15
Koszulka,3,ubrania,16
Spodnie,2,ubrania,16
Bluza,2,ubrania,16
Majtki,3,ubrania,16
Skarpetki,3,ubrania,16
Dres,1,ubrania,16
Kurtka,1,ubrania,16
Rękawiczki rowerowe,1,ubrania,16
Piżama,1,ubrania,16
Kamizelka,1,ubrania,16
Adidasy,1,ubrania,16
Buty,1,ubrania,16
Kask,1,ubrania,16
Kąpielówki,1,ubrania,16
Klapki,1,ubrania,16
Czapka z daszkiem,1,ubrania,16
Okulary przeciwsłoneczne,1,ubrania,16
Okulary do czytania,1,ubrania,16
Koszulka,2,ubrania,17
Spodnie,1,ubrania,17
Bluza,1,ubrania,17
Majtki,2,ubrania,17
Skarpetki,2,ubrania,17
Koszula,1,ubrania,17
Adidasy,1,ubrania,17
Okulary przeciwsłoneczne,1,ubrania,17
Czapka z daszkiem,1,ubrania,17
Krótkie spodnie,1,ubrania,17
Koszulka,4,ubrania,18
Spodnie,2,ubrania,18
Bluza,3,ubrania,18
Majtki,4,ubrania,18
Skarpetki,4,ubrania,18
Kalesony,1,ubrania,18
Kurtka,1,ubrania,18
Komin,1,ubrania,18
Rękawiczki,1,ubrania,18
Piżama,1,ubrania,18
Buty,1,ubrania,18
Klapki,1,ubrania,18
Czapka,1,ubrania,18
Koszulka,10,ubrania,19
Spodnie,1,ubrania,19
Bluza,1,ubrania,19
Majtki,11,ubrania,19
Skarpetki,11,ubrania,19
Koszula,2,ubrania,19
Piżama,1,ubrania,19
Adidasy,1,ubrania,19
Sandały,1,ubrania,19
Kąpielówki,2,ubrania,19
Japonki,1,ubrania,19
Kapelusz,1,ubrania,19
Okulary przeciwsłoneczne,1,ubrania,19
Koszulka,8,ubrania,20
Spodnie,2,ubrania,20
Bluza,1,ubrania,20
Koszula,2,ubrania,20
Majtki,8,ubrania,20
Skarpetki,8,ubrania,20
Piżama,1,ubrania,20
Krótkie spodnie,4,ubrania,20
Buty do biegania,1,ubrania,20
Buty,1,ubrania,20
Sandały,1,ubrania,20
Klapki,1,ubrania,20
Czapka z daszkiem,1,ubrania,20
Okulary przeciwsłoneczne,1,ubrania,20
Okulary do czytania,1,ubrania,20
Koszulka,3,ubrania,21
Spodnie,2,ubrania,21
Bluza,1,ubrania,21
Majtki,5,ubrania,21
Skarpetki,5,ubrania,21
Koszula,2,ubrania,21
Marynarka,1,ubrania,21
Piżama,1,ubrania,21
Krótkie spodnie,2,ubrania,21
Buty,2,ubrania,21
Sandały,1,ubrania,21
Kąpielówki,1,ubrania,21
Japonki,1,ubrania,21
Okulary,1,ubrania,21
Okulary przeciwsłoneczne,1,ubrania,21
Czapka z daszkiem,1,ubrania,21
Koszulka,7,ubrania,22
Spodnie,2,ubrania,22
Bluza,2,ubrania,22
Majtki,7,ubrania,22
Skarpetki,7,ubrania,22
Koszula,2,ubrania,22
Marynarka,1,ubrania,22
Piżama,1,ubrania,22
Krótkie spodnie,4,ubrania,22
Buty,2,ubrania,22
Sandały,1,ubrania,22
Strój kąpielowy,1,ubrania,22
Japonki,1,ubrania,22
Czapka z daszkiem,1,ubrania,22
Okulary przeciwsłoneczne,1,ubrania,22
Okulary do czytania,1,ubrania,22
Marynarka,1,ubrania,23
Krawat,1,ubrania,23
Koszulka,2,ubrania,24
Spodnie,2,ubrania,24
Majtki,4,ubrania,24
Skarpetki,4,ubrania,24
Koszula,4,ubrania,24
Marynarka,2,ubrania,24
Ganitur,1,ubrania,24
Krawat,2,ubrania,24
Piżama,1,ubrania,24
Buty,2,ubrania,24
Klapki,1,ubrania,24
Okulary do czytania,1,ubrania,24
Bluzka z krótkim rękawem,2,ubrania,25
Bluzka z długim rękawem,2,ubrania,25
Spodnie,2,ubrania,25
Bluza,2,ubrania,25
Majtki,4,ubrania,25
Skarpetki,4,ubrania,25
Płaszcz,1,ubrania,25
Kamizelka,1,ubrania,25
Szalik,1,ubrania,25
Rękawiczki,1,ubrania,25
Rajstopy,2,ubrania,25
Piżama,1,ubrania,25
Buty,2,ubrania,25
Sweter,1,ubrania,25
Spódnica,1,ubrania,25
Czapka,1,ubrania,25
Spodnie,2,ubrania,26
Bluza,2,ubrania,26
Majtki,4,ubrania,26
Skarpetki,4,ubrania,26
Bluzka z długim rękawem,3,ubrania,26
Koszula,1,ubrania,26
Kurtka,1,ubrania,26
Komin,1,ubrania,26
Rękawiczki,1,ubrania,26
Rajstopy,2,ubrania,26
Piżama,1,ubrania,26
Buty,2,ubrania,26
Sweter,2,ubrania,26
Czapka,1,ubrania,26
Okulary do czytania,1,ubrania,26
Koszulka,5,ubrania,27
Bluzka z krótkim rękawem,3,ubrania,27
Bluzka z długim rękawem,3,ubrania,27
Spodnie,3,ubrania,27
Bluza,3,ubrania,27
Majtki,8,ubrania,27
Skarpetki,8,ubrania,27
Bielizna termoaktywna,4,ubrania,27
Szalik,1,ubrania,27
Komin,1,ubrania,27
Rękawiczki,1,ubrania,27
Kurtka,2,ubrania,27
Rajstopy,3,ubrania,27
Piżama,1,ubrania,27
Buty,2,ubrania,27
Sweter,1,ubrania,27
Sukienka,2,ubrania,27
Kominiarka,1,ubrania,27
Kapcie,1,ubrania,27
Czapka,1,ubrania,27
Okulary do czytania,1,ubrania,27
Spodnie narciarskie,1,ubrania,27
Kask,1,ubrania,27
Bluzka z krótkim rękawem,2,ubrania,28
Bluzka z długim rękawem,2,ubrania,28
Spodnie,2,ubrania,28
Bluza,2,ubrania,28
Majtki,4,ubrania,28
Skarpetki,5,ubrania,28
Bielizna termoaktywna,2,ubrania,28
Kurtka,1,ubrania,28
Szalik,1,ubrania,28
Komin,1,ubrania,28
Rękawiczki,1,ubrania,28
Biustonosz,2,ubrania,28
Biustonosz,3,ubrania,27
Rajstopy,2,ubrania,28
Piżama,1,ubrania,28
Buty,2,ubrania,28
Spódnica,1,ubrania,28
Sweter,1,ubrania,28
Strój kąpielowy,1,ubrania,28
Kapcie,1,ubrania,28
Spodnie narciarskie,1,ubrania,28
Okulary,1,ubrania,28
Marynarka,1,ubrania,29
Szpilki,1,ubrania,29
Okulary do czytania,1,ubrania,29
Bluzka z długim rękawem,2,ubrania,30
Spodnie,2,ubrania,30
Majtki,3,ubrania,30
Skarpetki,3,ubrania,30
Koszula,1,ubrania,30
Marynarka,1,ubrania,30
Płaszcz,1,ubrania,30
Biustonosz,2,ubrania,30
Piżama,1,ubrania,30
Rajstopy,2,ubrania,30
Sukienka,2,ubrania,30
Spódnica,1,ubrania,30
Koszulka,5,ubrania,31
Spodnie,2,ubrania,31
Bluza,2,ubrania,31
Majtki,5,ubrania,31
Skarpetki,5,ubrania,31
Biustonosz,3,ubrania,31
Biustonosz sportowy,1,ubrania,31
Piżama,1,ubrania,31
Krótkie spodnie,3,ubrania,31
Buty,2,ubrania,31
Sandały,1,ubrania,31
Sukienka,2,ubrania,31
Spódnica,2,ubrania,31
Strój kąpielowy,2,ubrania,31
Japonki,1,ubrania,31
Okulary przeciwsłoneczne,1,ubrania,31
Kapelusz,1,ubrania,31
Pareo,1,ubrania,31
Bluzka z krótkim rękawem,7,ubrania,32
Spodnie,2,ubrania,32
Bluza,2,ubrania,32
Majtki,8,ubrania,32
Skarpetki,8,ubrania,32
Biustonosz,4,ubrania,32
Piżama,1,ubrania,32
Krótkie spodnie,3,ubrania,32
Adidasy,1,ubrania,32
Buty,2,ubrania,32
Sandały,1,ubrania,32
Sukienka,2,ubrania,32
Spódnica,2,ubrania,32
Strój kąpielowy,3,ubrania,32
Japonki,1,ubrania,32
Okulary przeciwsłoneczne,1,ubrania,32
Czapka z daszkiem,1,ubrania,32
Okulary do czytania,1,ubrania,32
Bluza,1,ubrania,33
Kurtka przeciwdeszczowa,1,ubrania,33
Okulary przeciwsłoneczne,1,ubrania,33
Koszulka,3,ubrania,34
Spodnie,1,ubrania,34
Bluza,2,ubrania,34
Majtki,3,ubrania,34
Skarpetki,3,ubrania,34
Szalik,1,ubrania,34
Kurtka przeciwdeszczowa,1,ubrania,34
Biustonosz,1,ubrania,34
Piżama,1,ubrania,34
Adidasy,1,ubrania,34
Okulary,1,ubrania,34
Koszulka,2,ubrania,35
Bluzka z długim rękawem,2,ubrania,35
Spodnie,2,ubrania,35
Bluza,2,ubrania,35
Majtki,5,ubrania,35
Skarpetki,5,ubrania,35
Bielizna termoaktywna,3,ubrania,35
Kurtka,2,ubrania,35
Szalik,1,ubrania,35
Komin,1,ubrania,35
Rękawiczki,1,ubrania,35
Biustonosz,3,ubrania,35
Rajstopy,2,ubrania,35
Piżama,1,ubrania,35
Buty,2,ubrania,35
Kominiarka,1,ubrania,35
Kask,1,ubrania,35
Spodnie narciarskie,1,ubrania,35
Czapka,1,ubrania,35
Koszulka,12,ubrania,36
Spodnie,4,ubrania,36
Bluza,3,ubrania,36
Majtki,14,ubrania,36
Skarpetki,14,ubrania,36
Koszula,3,ubrania,36
Piżama,1,ubrania,36
Krótkie spodnie,5,ubrania,36
Adidasy,1,ubrania,36
Buty,1,ubrania,36
Sandały,1,ubrania,36
Kąpielówki,2,ubrania,36
Japonki,1,ubrania,36
Czapka z daszkiem,1,ubrania,36
Okulary przeciwsłoneczne,1,ubrania,36
Okulary do czytania,1,ubrania,36
Koszulka,8,ubrania,37
Spodnie,3,ubrania,37
Bluza,2,ubrania,37
Majtki,8,ubrania,37
Skarpetki,8,ubrania,37
Koszula,2,ubrania,37
Krótkie spodnie,3,ubrania,37
Buty,1,ubrania,37
Sandały,1,ubrania,37
Kąpielówki,2,ubrania,37
Japonki,1,ubrania,37
Czapka z daszkiem,1,ubrania,37
Okulary przeciwsłoneczne,1,ubrania,37
Okulary do czytania,1,ubrania,37
Koszulka,6,ubrania,38
Spodnie,2,ubrania,38
Bluza,2,ubrania,38
Majtki,6,ubrania,38
Skarpetki,7,ubrania,38
Kurtka przeciwdeszczowa,1,ubrania,38
Piżama,1,ubrania,38
Krótkie spodnie,3,ubrania,38
Adidasy,1,ubrania,38
Buty,1,ubrania,38
Klapki,1,ubrania,38
Czapka z daszkiem,1,ubrania,38
Okulary przeciwsłoneczne,1,ubrania,38
Koszulka,2,ubrania,39
Spodnie,1,ubrania,39
Bluza,1,ubrania,39
Majtki,2,ubrania,39
Skarpetki,2,ubrania,39
Dres,1,ubrania,39
Kurtka przeciwdeszczowa,1,ubrania,39
Rękawiczki rowerowe,1,ubrania,39
Piżama,1,ubrania,39
Krótkie spodnie,1,ubrania,39
Adidasy,1,ubrania,39
Kask,1,ubrania,39
Okulary przeciwsłoneczne,1,ubrania,39
Koszulka,6,ubrania,40
Spodnie,3,ubrania,40
Bluza,2,ubrania,40
Majtki,6,ubrania,40
Skarpetki,6,ubrania,40
Koszula,2,ubrania,40
Piżama,1,ubrania,40
Krótkie spodnie,3,ubrania,40
Buty,2,ubrania,40
Sandały,1,ubrania,40
Kąpielówki,2,ubrania,40
Japonki,1,ubrania,40
Okulary przeciwsłoneczne,1,ubrania,40
Okulary do czytania,1,ubrania,40
Czapka z daszkiem,1,ubrania,40
Koszulka,12,ubrania,41
Spodnie,4,ubrania,41
Bluza,3,ubrania,41
Majtki,14,ubrania,41
Skarpetki,14,ubrania,41
Koszula,3,ubrania,41
Marynarka,1,ubrania,41
Piżama,1,ubrania,41
Krótkie spodnie,5,ubrania,41
Adidasy,1,ubrania,41
Buty,2,ubrania,41
Sandały,1,ubrania,41
Kąpielówki,3,ubrania,41
Klapki,1,ubrania,41
Kapelusz,1,ubrania,41
Okulary przeciwsłoneczne,1,ubrania,41
Okulary do czytania,1,ubrania,41
Okulary,1,ubrania,41
Koszulka,10,ubrania,42
Spodnie,2,ubrania,42
Bluza,3,ubrania,42
Majtki,10,ubrania,42
Skarpetki,10,ubrania,42
Koszula,2,ubrania,42
Kurtka przeciwdeszczowa,1,ubrania,42
Szalik,1,ubrania,42
Piżama,1,ubrania,42
Buty,2,ubrania,42
Klapki,1,ubrania,42
Okulary do czytania,1,ubrania,42
Koszulka,12,ubrania,43
Spodnie,3,ubrania,43
Bluza,3,ubrania,43
Majtki,14,ubrania,43
Skarpetki,14,ubrania,43
Dres,1,ubrania,43
Koszula,2,ubrania,43
Kurtka,2,ubrania,43
Kamizelka,1,ubrania,43
Piżama,1,ubrania,43
Krótkie spodnie,2,ubrania,43
Adidasy,1,ubrania,43
Buty,1,ubrania,43
Czapka z daszkiem,1,ubrania,43
Okulary,1,ubrania,43
Peleryna,1,ubrania,43
Koszulka,3,ubrania,44
Spodnie,2,ubrania,44
Bluza,2,ubrania,44
Majtki,3,ubrania,44
Skarpetki,3,ubrania,44
Bielizna termoaktywna,2,ubrania,44
Kurtka,1,ubrania,44
Komin,1,ubrania,44
Rękawiczki,1,ubrania,44
Piżama,1,ubrania,44
Buty,2,ubrania,44
Kominiarka,1,ubrania,44
Kask,1,ubrania,44
Klapki,1,ubrania,44
Spodnie narciarskie,1,ubrania,44
Czapka,1,ubrania,44
Koszulka,7,ubrania,45
Spodnie,3,ubrania,45
Bluza,4,ubrania,45
Majtki,8,ubrania,45
Skarpetki,8,ubrania,45
Bielizna termoaktywna,3,ubrania,45
Płaszcz,1,ubrania,45
Kurtka,1,ubrania,45
Szalik,1,ubrania,45
Komin,1,ubrania,45
Rękawiczki,1,ubrania,45
Kamizelka,1,ubrania,45
Piżama,1,ubrania,45
Buty,2,ubrania,45
Sweter,1,ubrania,45
Kominiarka,1,ubrania,45
Kask,1,ubrania,45
Spodnie narciarskie,1,ubrania,45
Czapka,1,ubrania,45
Spodnie,1,ubrania,46
Bluza,1,ubrania,46
Majtki,2,ubrania,46
Skarpetki,2,ubrania,46
Kalesony,1,ubrania,46
Koszula,2,ubrania,46
Marynarka,1,ubrania,46
Krawat,1,ubrania,46
Płaszcz,1,ubrania,46
Szalik,1,ubrania,46
Rękawiczki,1,ubrania,46
Piżama,1,ubrania,46
Buty,1,ubrania,46
Czapka,1,ubrania,46
Okulary do czytania,1,ubrania,46
Koszulka,3,ubrania,47
Spodnie,2,ubrania,47
Bluza,1,ubrania,47
Majtki,4,ubrania,47
Skarpetki,4,ubrania,47
Kalesony,1,ubrania,47
Koszula,3,ubrania,47
Marynarka,1,ubrania,47
Ganitur,1,ubrania,47
Krawat,1,ubrania,47
Płaszcz,1,ubrania,47
Kurtka,1,ubrania,47
Szalik,1,ubrania,47
Rękawiczki,1,ubrania,47
Piżama,1,ubrania,47
Buty,1,ubrania,47
Czapka,1,ubrania,47
Okulary,1,ubrania,47
Koszulka,12,ubrania,48
Spodnie,4,ubrania,48
Bluza,2,ubrania,48
Majtki,13,ubrania,48
Skarpetki,13,ubrania,48
Koszula,3,ubrania,48
Kurtka przeciwdeszczowa,1,ubrania,48
Piżama,1,ubrania,48
Krótkie spodnie,5,ubrania,48
Adidasy,1,ubrania,48
Buty,1,ubrania,48
Sandały,1,ubrania,48
Kąpielówki,3,ubrania,48
Japonki,1,ubrania,48
Czapka z daszkiem,1,ubrania,48
Okulary przeciwsłoneczne,1,ubrania,48
Bluzka z krótkim rękawem,7,ubrania,49
Spodnie,3,ubrania,49
Bluza,2,ubrania,49
Majtki,7,ubrania,49
Skarpetki,7,ubrania,49
Kurtka,1,ubrania,49
Biustonosz,3,ubrania,49
Rękawiczki rowerowe,1,ubrania,49
Piżama,1,ubrania,49
Krótkie spodnie,3,ubrania,49
Adidasy,1,ubrania,49
Sandały,1,ubrania,49
Sukienka,2,ubrania,49
Spódnica,2,ubrania,49
Japonki,1,ubrania,49
Strój kąpielowy,2,ubrania,49
Okulary przeciwsłoneczne,1,ubrania,49
Pareo,1,ubrania,49
Kapelusz,1,ubrania,49
Bluzka z krótkim rękawem,10,ubrania,50
Spodnie,4,ubrania,50
Bluza,3,ubrania,50
Majtki,14,ubrania,50
Skarpetki,14,ubrania,50
Biustonosz,5,ubrania,50
Piżama,1,ubrania,50
Krótkie spodnie,5,ubrania,50
Buty,1,ubrania,50
Sandały,1,ubrania,50
Baleriny,1,ubrania,50
Adidasy,1,ubrania,50
Sukienka,3,ubrania,50
Spódnica,3,ubrania,50
Strój kąpielowy,2,ubrania,50
Japonki,1,ubrania,50
Okulary przeciwsłoneczne,1,ubrania,50
Kapelusz,1,ubrania,50
Bluzka z krótkim rękawem,7,ubrania,51
Spodnie,4,ubrania,51
Bluza,3,ubrania,51
Majtki,10,ubrania,51
Skarpetki,10,ubrania,51
Biustonosz,5,ubrania,51
Rajstopy,2,ubrania,51
Piżama,1,ubrania,51
Krótkie spodnie,5,ubrania,51
Adidasy,1,ubrania,51
Buty,1,ubrania,51
Sandały,1,ubrania,51
Sukienka,3,ubrania,51
Spódnica,3,ubrania,51
Strój kąpielowy,2,ubrania,51
Japonki,1,ubrania,51
Okulary przeciwsłoneczne,1,ubrania,51
Okulary do czytania,1,ubrania,51
Kapelusz,1,ubrania,51
Bluzka z krótkim rękawem,4,ubrania,52
Spodnie,2,ubrania,52
Bluza,1,ubrania,52
Majtki,5,ubrania,52
Skarpetki,5,ubrania,52
Biustonosz,2,ubrania,52
Piżama,1,ubrania,52
Krótkie spodnie,2,ubrania,52
Szpilki,1,ubrania,52
Sandały,1,ubrania,52
Baleriny,1,ubrania,52
Sukienka,2,ubrania,52
Spódnica,1,ubrania,52
Strój kąpielowy,2,ubrania,52
Japonki,1,ubrania,52
Okulary,1,ubrania,52
Okulary przeciwsłoneczne,1,ubrania,52
Bluzka z długim rękawem,5,ubrania,53
Bluzka z krótkim rękawem,2,ubrania,53
Spodnie,3,ubrania,53
Bluza,3,ubrania,53
Majtki,7,ubrania,53
Skarpetki,7,ubrania,53
Bielizna termoaktywna,3,ubrania,53
Dres,1,ubrania,53
Kurtka,1,ubrania,53
Szalik,1,ubrania,53
Komin,1,ubrania,53
Rękawiczki,1,ubrania,53
Biustonosz,3,ubrania,53
Rajstopy,2,ubrania,53
Piżama,1,ubrania,53
Buty,2,ubrania,53
Kominiarka,1,ubrania,53
Klapki,1,ubrania,53
Spodnie narciarskie,1,ubrania,53
Czapka,1,ubrania,53
Okulary,1,ubrania,53
Bluzka z krótkim rękawem,2,ubrania,54
Bluzka z długim rękawem,5,ubrania,54
Spodnie,3,ubrania,54
Bluza,3,ubrania,54
Majtki,5,ubrania,54
Skarpetki,5,ubrania,54
Bielizna termoaktywna,3,ubrania,54
Dres,1,ubrania,54
Kurtka,2,ubrania,54
Szalik,1,ubrania,54
Komin,1,ubrania,54
Rękawiczki,1,ubrania,54
Biustonosz,3,ubrania,54
Rajstopy,2,ubrania,54
Piżama,1,ubrania,54
Buty,2,ubrania,54
Spódnica,1,ubrania,54
Sweter,1,ubrania,54
Kominiarka,1,ubrania,54
Kask,1,ubrania,54
Klapki,1,ubrania,54
Czapka,1,ubrania,54
Bluzka z krótkim rękawem,6,ubrania,55
Spodnie,2,ubrania,55
Bluza,1,ubrania,55
Majtki,7,ubrania,55
Skarpetki,7,ubrania,55
Biustonosz,4,ubrania,55
Krótkie spodnie,3,ubrania,55
Piżama,1,ubrania,55
Adidasy,1,ubrania,55
Sandały,1,ubrania,55
Baleriny,1,ubrania,55
Sukienka,2,ubrania,55
Spódnica,1,ubrania,55
Strój kąpielowy,3,ubrania,55
Klapki,1,ubrania,55
Okulary przeciwsłoneczne,1,ubrania,55
Pareo,1,ubrania,55
Kapelusz,1,ubrania,55
Bluzka z krótkim rękawem,9,ubrania,56
Spodnie,4,ubrania,56
Bluza,1,ubrania,56
Majtki,12,ubrania,56
Skarpetki,12,ubrania,56
Biustonosz,5,ubrania,56
Piżama,1,ubrania,56
Krótkie spodnie,4,ubrania,56
Adidasy,1,ubrania,56
Szpilki,1,ubrania,56
Sandały,1,ubrania,56
Baleriny,1,ubrania,56
Sukienka,4,ubrania,56
Spódnica,2,ubrania,56
Strój kąpielowy,3,ubrania,56
Japonki,1,ubrania,56
Czapka z daszkiem,1,ubrania,56
Okulary przeciwsłoneczne,1,ubrania,56
Okulary do czytania,1,ubrania,56
Bluzka z krótkim rękawem,7,ubrania,57
Spodnie,3,ubrania,57
Bluza,3,ubrania,57
Majtki,7,ubrania,57
Skarpetki,7,ubrania,57
Kurtka przeciwdeszczowa,1,ubrania,57
Biustonosz,3,ubrania,57
Biustonosz sportowy,2,ubrania,57
Piżama,1,ubrania,57
Krótkie spodnie,3,ubrania,57
Adidasy,1,ubrania,57
Sandały,1,ubrania,57
Sukienka,2,ubrania,57
Strój kąpielowy,1,ubrania,57
Japonki,1,ubrania,57
Czapka z daszkiem,1,ubrania,57
Okulary przeciwsłoneczne,1,ubrania,57
Bluzka z krótkim rękawem,4,ubrania,58
Spodnie,2,ubrania,58
Bluza,2,ubrania,58
Majtki,5,ubrania,58
Skarpetki,5,ubrania,58
Dres,1,ubrania,58
Biustonosz,2,ubrania,58
Biustonosz sportowy,2,ubrania,58
Piżama,1,ubrania,58
Adidasy,1,ubrania,58
Buty do biegania,1,ubrania,58
Buty,1,ubrania,58
Sukienka,1,ubrania,58
Klapki,1,ubrania,58
Strój kąpielowy,1,ubrania,58
Czapka z daszkiem,1,ubrania,58
Okulary przeciwsłoneczne,1,ubrania,58
Peleryna,1,ubrania,58
Bluzka z krótkim rękawem,5,ubrania,59
Koszulka,2,ubrania,59
Spodnie,2,ubrania,59
Bluza,2,ubrania,59
Majtki,7,ubrania,59
Skarpetki,7,ubrania,59
Biustonosz,3,ubrania,59
Piżama,1,ubrania,59
Adidasy,1,ubrania,59
Buty,1,ubrania,59
Sukienka,1,ubrania,59
Okulary przeciwsłoneczne,1,ubrania,59
Koszulka,4,ubrania,60
Spodnie,2,ubrania,60
Majtki,5,ubrania,60
Skarpetki,5,ubrania,60
Kalesony,1,ubrania,60
Koszula,2,ubrania,60
Kurtka,1,ubrania,60
Szalik,1,ubrania,60
Kamizelka,1,ubrania,60
Rękawiczki,1,ubrania,60
Piżama,1,ubrania,60
Buty,1,ubrania,60
Sweter,2,ubrania,60
Kapcie,1,ubrania,60
Czapka,1,ubrania,60
Koszulka,1,ubrania,61
Spodnie,1,ubrania,61
Bluza,1,ubrania,61
Majtki,2,ubrania,61
Skarpetki,2,ubrania,61
Kalesony,1,ubrania,61
Płaszcz,1,ubrania,61
Szalik,1,ubrania,61
Rękawiczki,1,ubrania,61
Piżama,1,ubrania,61
Buty,1,ubrania,61
Kapcie,1,ubrania,61
Czapka,1,ubrania,61
Koszulka,9,ubrania,62
Spodnie,3,ubrania,62
Bluza,3,ubrania,62
Majtki,10,ubrania,62
Skarpetki,10,ubrania,62
Kurtka,1,ubrania,62
Piżama,1,ubrania,62
Adidasy,1,ubrania,62
Buty,1,ubrania,62
Sweter,1,ubrania,62
Klapki,1,ubrania,62
Czapka,1,ubrania,62
Okulary przeciwsłoneczne,1,ubrania,62
Okulary do czytania,1,ubrania,62
Koszulka,6,ubrania,63
Spodnie,2,ubrania,63
Bluza,2,ubrania,63
Majtki,6,ubrania,63
Skarpetki,6,ubrania,63
Koszula,1,ubrania,63
Kurtka,1,ubrania,63
Piżama,1,ubrania,63
Adidasy,1,ubrania,63
Klapki,1,ubrania,63
Czapka z daszkiem,1,ubrania,63
Okulary,1,ubrania,63
Koszulka,5,ubrania,64
Spodnie,3,ubrania,64
Bluza,1,ubrania,64
Majtki,9,ubrania,64
Skarpetki,9,ubrania,64
Koszula,6,ubrania,64
Marynarka,1,ubrania,64
Ganitur,1,ubrania,64
Krawat,1,ubrania,64
Piżama,1,ubrania,64
Buty,2,ubrania,64
Klapki,1,ubrania,64
Okulary do czytania,1,ubrania,64
Koszulka,3,ubrania,65
Spodnie,3,ubrania,65
Majtki,6,ubrania,65
Skarpetki,6,ubrania,65
Koszula,4,ubrania,65
Marynarka,1,ubrania,65
Ganitur,1,ubrania,65
Krawat,1,ubrania,65
Piżama,1,ubrania,65
Buty,2,ubrania,65
Klapki,1,ubrania,65
Czapka z daszkiem,1,ubrania,65
Okulary przeciwsłoneczne,1,ubrania,65
Okulary do czytania,1,ubrania,65
Okulary,1,ubrania,65
Koszulka,10,ubrania,66
Spodnie,1,ubrania,66
Bluza,2,ubrania,66
Majtki,11,ubrania,66
Skarpetki,11,ubrania,66
Piżama,1,ubrania,66
Krótkie spodnie,5,ubrania,66
Adidasy,1,ubrania,66
Strój kąpielowy,2,ubrania,66
Klapki,1,ubrania,66
Czapka z daszkiem,1,ubrania,66
Okulary przeciwsłoneczne,1,ubrania,66
Koszulka,7,ubrania,67
Spodnie,1,ubrania,67
Bluza,2,ubrania,67
Majtki,7,ubrania,67
Skarpetki,7,ubrania,67
Piżama,1,ubrania,67
Krótkie spodnie,4,ubrania,67
Adidasy,1,ubrania,67
Sandały,1,ubrania,67
Strój kąpielowy,2,ubrania,67
Klapki,1,ubrania,67
Czapka z daszkiem,1,ubrania,67
Kurtka przeciwdeszczowa,1,ubrania,68
Szalik,1,ubrania,68
Czapka,1,ubrania,68
Koszulka,6,ubrania,69
Spodnie,2,ubrania,69
Bluza,3,ubrania,69
Majtki,6,ubrania,69
Skarpetki,6,ubrania,69
Kurtka,1,ubrania,69
Szalik,1,ubrania,69
Piżama,1,ubrania,69
Adidasy,1,ubrania,69
Klapki,1,ubrania,69
Czapka,1,ubrania,69
Okulary,1,ubrania,69
Peleryna,1,ubrania,69
Koszulka,8,ubrania,70
Spodnie,3,ubrania,70
Bluza,2,ubrania,70
Majtki,8,ubrania,70
Skarpetki,8,ubrania,70
Koszula,2,ubrania,70
Piżama,1,ubrania,70
Krótkie spodnie,4,ubrania,70
Adidasy,1,ubrania,70
Sandały,1,ubrania,70
Strój kąpielowy,2,ubrania,70
Japonki,1,ubrania,70
Czapka z daszkiem,1,ubrania,70
Okulary przeciwsłoneczne,1,ubrania,70
Koszulka,11,ubrania,71
Spodnie,4,ubrania,71
Bluza,2,ubrania,71
Majtki,11,ubrania,71
Skarpetki,11,ubrania,71
Koszula,3,ubrania,71
Piżama,1,ubrania,71
Adidasy,1,ubrania,71
Krótkie spodnie,5,ubrania,71
Sandały,1,ubrania,71
Strój kąpielowy,2,ubrania,71
Japonki,1,ubrania,71
Czapka z daszkiem,1,ubrania,71
Okulary przeciwsłoneczne,1,ubrania,71
Koszulka,6,ubrania,72
Spodnie,2,ubrania,72
Bluza,2,ubrania,72
Majtki,6,ubrania,72
Skarpetki,6,ubrania,72
Koszula,3,ubrania,72
Piżama,1,ubrania,72
Krótkie spodnie,3,ubrania,72
Buty do biegania,1,ubrania,72
Adidasy,1,ubrania,72
Sandały,1,ubrania,72
Strój kąpielowy,2,ubrania,72
Klapki,1,ubrania,72
Okulary przeciwsłoneczne,1,ubrania,72
Kapelusz,1,ubrania,72
Bluzka z krótkim rękawem,5,ubrania,73
Spodnie,3,ubrania,73
Bluza,2,ubrania,73
Majtki,5,ubrania,73
Skarpetki,5,ubrania,73
Biustonosz,3,ubrania,73
Piżama,1,ubrania,73
Krótkie spodnie,3,ubrania,73
Adidasy,1,ubrania,73
Sandały,1,ubrania,73
Sukienka,2,ubrania,73
Strój kąpielowy,3,ubrania,73
Japonki,1,ubrania,73
Okulary przeciwsłoneczne,1,ubrania,73
Bluzka z krótkim rękawem,7,ubrania,74
Bluzka z długim rękawem,3,ubrania,74
Spodnie,3,ubrania,74
Bluza,3,ubrania,74
Majtki,11,ubrania,74
Skarpetki,11,ubrania,74
Biustonosz,4,ubrania,74
Piżama,1,ubrania,74
Krótkie spodnie,4,ubrania,74
Adidasy,1,ubrania,74
Sandały,1,ubrania,74
Baleriny,1,ubrania,74
Sukienka,3,ubrania,74
Spódnica,2,ubrania,74
Strój kąpielowy,3,ubrania,74
Japonki,1,ubrania,74
Okulary przeciwsłoneczne,1,ubrania,74
Pareo,1,ubrania,74
Kapelusz,1,ubrania,74
Bluzka z krótkim rękawem,5,ubrania,75
Bluzka z długim rękawem,2,ubrania,75
Spodnie,3,ubrania,75
Bluza,3,ubrania,75
Majtki,7,ubrania,75
Skarpetki,7,ubrania,75
Kurtka,1,ubrania,75
Szalik,1,ubrania,75
Kamizelka,1,ubrania,75
Biustonosz,4,ubrania,75
Piżama,1,ubrania,75
Adidasy,1,ubrania,75
Buty,2,ubrania,75
Sukienka,3,ubrania,75
Rajstopy,3,ubrania,75
Okulary do czytania,1,ubrania,75
Klapki,1,ubrania,75
Bluzka z krótkim rękawem,6,ubrania,76
Bluzka z długim rękawem,2,ubrania,76
Spodnie,4,ubrania,76
Bluza,3,ubrania,76
Majtki,8,ubrania,76
Skarpetki,8,ubrania,76
Kurtka,1,ubrania,76
Kurtka przeciwdeszczowa,1,ubrania,76
Szalik,1,ubrania,76
Biustonosz,4,ubrania,76
Rajstopy,3,ubrania,76
Piżama,1,ubrania,76
Szpilki,1,ubrania,76
Buty,2,ubrania,76
Sweter,1,ubrania,76
Sukienka,3,ubrania,76
Japonki,1,ubrania,76
Strój kąpielowy,1,ubrania,76
Czapka,1,ubrania,76
Okulary przeciwsłoneczne,1,ubrania,76
Okulary do czytania,1,ubrania,76
Bluzka z krótkim rękawem,5,ubrania,77
Spodnie,2,ubrania,77
Bluza,2,ubrania,77
Majtki,5,ubrania,77
Skarpetki,5,ubrania,77
Kurtka przeciwdeszczowa,1,ubrania,77
Dres,1,ubrania,77
Rękawiczki rowerowe,1,ubrania,77
Biustonosz,2,ubrania,77
Biustonosz sportowy,2,ubrania,77
Piżama,1,ubrania,77
Buty do biegania,1,ubrania,77
Adidasy,1,ubrania,77
Kask,1,ubrania,77
Klapki,1,ubrania,77
Okulary przeciwsłoneczne,1,ubrania,77
Czapka z daszkiem,1,ubrania,77
Bluzka z krótkim rękawem,8,ubrania,78
Bluzka z długim rękawem,2,ubrania,78
Spodnie,2,ubrania,78
Bluza,2,ubrania,78
Majtki,10,ubrania,78
Skarpetki,10,ubrania,78
Dres,1,ubrania,78
Biustonosz,4,ubrania,78
Biustonosz sportowy,3,ubrania,78
Piżama,1,ubrania,78
Krótkie spodnie,4,ubrania,78
Adidasy,1,ubrania,78
Sandały,1,ubrania,78
Sukienka,1,ubrania,78
Strój kąpielowy,1,ubrania,78
Klapki,1,ubrania,78
Okulary przeciwsłoneczne,1,ubrania,78
Kapelusz,1,ubrania,78
Peleryna,1,ubrania,78
Marynarka,1,ubrania,79
Płaszcz,1,ubrania,79
Okulary do czytania,1,ubrania,79
Spodnie,3,ubrania,80
Bluzka z długim rękawem,2,ubrania,80
Koszula,3,ubrania,80
Marynarka,2,ubrania,80
Płaszcz,1,ubrania,80
Szalik,1,ubrania,80
Rękawiczki,1,ubrania,80
Biustonosz,2,ubrania,80
Rajstopy,3,ubrania,80
Piżama,1,ubrania,80
Szpilki,1,ubrania,80
Buty,1,ubrania,80
Spódnica,2,ubrania,80
Klapki,1,ubrania,80
Okulary do czytania,1,ubrania,80
Okulary,1,ubrania,80
Koszulka,5,ubrania,81
Bluzka z krótkim rękawem,2,ubrania,81
Spodnie,3,ubrania,81
Bluza,2,ubrania,81
Majtki,6,ubrania,81
Skarpetki,6,ubrania,81
Rękawiczki rowerowe,1,ubrania,81
Biustonosz,2,ubrania,81
Biustonosz sportowy,3,ubrania,81
Piżama,1,ubrania,81
Adidasy,1,ubrania,81
Kask,1,ubrania,81
Okulary przeciwsłoneczne,1,ubrania,81
Peleryna,1,ubrania,81
Koszulka,2,ubrania,82
Bluzka z krótkim rękawem,1,ubrania,82
Bluza,1,ubrania,82
Majtki,2,ubrania,82
Skarpetki,2,ubrania,82
Rękawiczki rowerowe,1,ubrania,82
Biustonosz,1,ubrania,82
Biustonosz sportowy,1,ubrania,82
Piżama,1,ubrania,82
Krótkie spodnie,1,ubrania,82
Adidasy,1,ubrania,82
Kask,1,ubrania,82
Okulary przeciwsłoneczne,1,ubrania,82
Peleryna,1,ubrania,82
Koszulka,4,ubrania,83
Spodnie,1,ubrania,83
Bluza,1,ubrania,83
Majtki,4,ubrania,83
Skarpetki,4,ubrania,83
Rękawiczki rowerowe,1,ubrania,83
Biustonosz,1,ubrania,83
Biustonosz sportowy,1,ubrania,83
Piżama,1,ubrania,83
Krótkie spodnie,2,ubrania,83
Adidasy,1,ubrania,83
Okulary przeciwsłoneczne,1,ubrania,83
Peleryna,1,ubrania,83
Kurtka przeciwdeszczowa,1,ubrania,84
Czapka,1,ubrania,84
Okulary przeciwsłoneczne,1,ubrania,84
Okulary do czytania,1,ubrania,84
Czapka z daszkiem,1,ubrania,84
Koszulka,3,ubrania,85
Spodnie,1,ubrania,85
Bluza,1,ubrania,85
Majtki,3,ubrania,85
Skarpetki,3,ubrania,85
Krótkie spodnie,2,ubrania,85
Adidasy,1,ubrania,85
Piżama,1,ubrania,85
Czapka z daszkiem,1,ubrania,85
Okulary przeciwsłoneczne,1,ubrania,85
Okulary do czytania,1,ubrania,85
Koszulka,4,ubrania,86
Spodnie,1,ubrania,86
Bluza,1,ubrania,86
Majtki,5,ubrania,86
Skarpetki,5,ubrania,86
Piżama,1,ubrania,86
Krótkie spodnie,2,ubrania,86
Adidasy,1,ubrania,86
Klapki,1,ubrania,86
Czapka z daszkiem,1,ubrania,86
Okulary przeciwsłoneczne,1,ubrania,86
Peleryna,1,ubrania,86
Koszulka,2,ubrania,87
Spodnie,1,ubrania,87
Bluza,1,ubrania,87
Majtki,2,ubrania,87
Skarpetki,2,ubrania,87
Kurtka przeciwdeszczowa,1,ubrania,87
Szalik,1,ubrania,87
Piżama,1,ubrania,87
Adidasy,1,ubrania,87
Czapka,1,ubrania,87
Koszulka,4,ubrania,88
Bluza,1,ubrania,88
Spodnie,1,ubrania,88
Majtki,5,ubrania,88
Skarpetki,5,ubrania,88
Rękawiczki rowerowe,1,ubrania,88
Piżama,1,ubrania,88
Adidasy,1,ubrania,88
Krótkie spodnie,2,ubrania,88
Kask,1,ubrania,88
Okulary przeciwsłoneczne,1,ubrania,88
Peleryna,1,ubrania,88
Bluza,1,ubrania,89
Kurtka przeciwdeszczowa,1,ubrania,89
Rękawiczki rowerowe,1,ubrania,89
Kask,1,ubrania,89
Okulary przeciwsłoneczne,1,ubrania,89
Koszulka,3,ubrania,90
Spodnie,1,ubrania,90
Bluza,1,ubrania,90
Majtki,3,ubrania,90
Skarpetki,3,ubrania,90
Kurtka przeciwdeszczowa,1,ubrania,90
Rękawiczki rowerowe,1,ubrania,90
Piżama,1,ubrania,90
Adidasy,1,ubrania,90
Kask,1,ubrania,90
Klapki,1,ubrania,90
Okulary przeciwsłoneczne,1,ubrania,90
Czapka z daszkiem,1,ubrania,90
Koszulka,5,ubrania,91
Spodnie,2,ubrania,91
Bluza,2,ubrania,91
Majtki,6,ubrania,91
Skarpetki,6,ubrania,91
Rękawiczki rowerowe,1,ubrania,91
Krótkie spodnie,2,ubrania,91
Piżama,1,ubrania,91
Adidasy,1,ubrania,91
Kask,1,ubrania,91
Strój kąpielowy,1,ubrania,91
Klapki,1,ubrania,91
Okulary przeciwsłoneczne,1,ubrania,91
Czapka z daszkiem,1,ubrania,91
Koszulka,3,ubrania,92
Bluza,1,ubrania,92
Majtki,3,ubrania,92
Skarpetki,3,ubrania,92
Spodnie,1,ubrania,92
Piżama,1,ubrania,92
Adidasy,1,ubrania,92
Czapka z daszkiem,1,ubrania,92
Okulary przeciwsłoneczne,1,ubrania,92
Peleryna,1,ubrania,92
Koszulka,5,ubrania,93
Spodnie,1,ubrania,93
Bluza,2,ubrania,93
Majtki,5,ubrania,93
Skarpetki,5,ubrania,93
Krótkie spodnie,2,ubrania,92
Kurtka przeciwdeszczowa,1,ubrania,93
Piżama,1,ubrania,93
Krótkie spodnie,2,ubrania,93
Adidasy,1,ubrania,93
Klapki,1,ubrania,93
Czapka z daszkiem,1,ubrania,93
Okulary przeciwsłoneczne,1,ubrania,93
Koszulka,4,ubrania,94
Spodnie,1,ubrania,94
Bluza,2,ubrania,94
Majtki,5,ubrania,94
Skarpetki,5,ubrania,94
Bielizna termoaktywna,1,ubrania,94
Kurtka przeciwdeszczowa,1,ubrania,94
Rękawiczki rowerowe,1,ubrania,94
Piżama,1,ubrania,94
Krótkie spodnie,2,ubrania,94
Adidasy,1,ubrania,94
Kask,1,ubrania,94
Klapki,1,ubrania,94
Okulary przeciwsłoneczne,1,ubrania,94
Okulary do czytania,1,ubrania,94
Bluza,1,ubrania,95
Kurtka przeciwdeszczowa,1,ubrania,95
Kask,1,ubrania,95
Rękawiczki rowerowe,1,ubrania,95
Okulary przeciwsłoneczne,1,ubrania,95
Koszulka,4,ubrania,96
Spodnie,1,ubrania,96
Bluza,2,ubrania,96
Majtki,5,ubrania,96
Skarpetki,5,ubrania,96
Adidasy,1,ubrania,96
Piżama,1,ubrania,96
Krótkie spodnie,2,ubrania,96
Klapki,1,ubrania,96
Strój kąpielowy,1,ubrania,96
Czapka z daszkiem,1,ubrania,96
Okulary przeciwsłoneczne,1,ubrania,96
Peleryna,1,ubrania,96
Rękawiczki rowerowe,1,ubrania,96
Bluzka z krótkim rękawem,2,ubrania,97
Spodnie,1,ubrania,97
Bluza,1,ubrania,97
Majtki,2,ubrania,97
Skarpetki,2,ubrania,97
Piżama,1,ubrania,97
Krótkie spodnie,1,ubrania,97
Adidasy,1,ubrania,97
Okulary przeciwsłoneczne,1,ubrania,97
Kapelusz,1,ubrania,97
Peleryna,1,ubrania,97
Bluzka z krótkim rękawem,5,ubrania,98
Spodnie,1,ubrania,98
Bluza,2,ubrania,98
Majtki,5,ubrania,98
Skarpetki,5,ubrania,98
Biustonosz,2,ubrania,98
Biustonosz,1,ubrania,97
Piżama,1,ubrania,98
Krótkie spodnie,2,ubrania,98
Adidasy,1,ubrania,98
Japonki,1,ubrania,98
Okulary przeciwsłoneczne,1,ubrania,98
Kapelusz,1,ubrania,98
Bluzka z krótkim rękawem,7,ubrania,99
Spodnie,2,ubrania,99
Bluza,2,ubrania,99
Majtki,7,ubrania,99
Skarpetki,7,ubrania,99
Biustonosz,3,ubrania,99
Piżama,1,ubrania,99
Krótkie spodnie,3,ubrania,99
Adidasy,1,ubrania,99
Sandały,1,ubrania,99
Klapki,1,ubrania,99
Okulary przeciwsłoneczne,1,ubrania,99
Okulary do czytania,1,ubrania,99
Bluzka z krótkim rękawem,2,ubrania,100
Spodnie,1,ubrania,100
Bluza,1,ubrania,100
Majtki,2,ubrania,100
Skarpetki,2,ubrania,100
Bielizna termoaktywna,1,ubrania,100
Kurtka przeciwdeszczowa,1,ubrania,100
Rękawiczki rowerowe,1,ubrania,100
Biustonosz,1,ubrania,100
Biustonosz sportowy,1,ubrania,100
Piżama,1,ubrania,100
Adidasy,1,ubrania,100
Krótkie spodnie,1,ubrania,100
Sweter,1,ubrania,100
Kask,1,ubrania,100
Klapki,1,ubrania,100
Okulary przeciwsłoneczne,1,ubrania,100
Okulary do czytania,1,ubrania,100
Bluzka z krótkim rękawem,1,ubrania,101
Spodnie,1,ubrania,101
Bluza,1,ubrania,101
Majtki,2,ubrania,101
Skarpetki,2,ubrania,101
Kurtka przeciwdeszczowa,1,ubrania,101
Rękawiczki rowerowe,1,ubrania,101
Biustonosz,1,ubrania,101
Biustonosz sportowy,1,ubrania,101
Piżama,1,ubrania,101
Krótkie spodnie,1,ubrania,101
Adidasy,1,ubrania,101
Okulary przeciwsłoneczne,1,ubrania,101
Okulary do czytania,1,ubrania,101
Kask,1,ubrania,101
Marynarka,1,ubrania,102
Krawat,1,ubrania,102
Płaszcz,1,ubrania,102
Szalik,1,ubrania,102
Okulary do czytania,1,ubrania,102
Spodnie,2,ubrania,103
Majtki,3,ubrania,103
Skarpetki,3,ubrania,103
Kalesony,1,ubrania,103
Koszula,3,ubrania,103
Marynarka,1,ubrania,103
Ganitur,1,ubrania,103
Krawat,1,ubrania,103
Płaszcz,1,ubrania,103
Szalik,1,ubrania,103
Rękawiczki,1,ubrania,103
Piżama,1,ubrania,103
Buty,2,ubrania,103
Sweter,1,ubrania,103
Kapcie,1,ubrania,103
Okulary do czytania,1,ubrania,103
Okulary,1,ubrania,103
Czapka,1,ubrania,103
Koszulka,4,ubrania,104
Spodnie,3,ubrania,104
Bluza,3,ubrania,104
Majtki,5,ubrania,104
Skarpetki,5,ubrania,104
Kalesony,1,ubrania,104
Koszula,1,ubrania,104
Kurtka,1,ubrania,104
Kamizelka,1,ubrania,104
Szalik,1,ubrania,104
Rękawiczki,1,ubrania,104
Piżama,1,ubrania,104
Buty,2,ubrania,104
Sweter,1,ubrania,104
Klapki,1,ubrania,104
Czapka,1,ubrania,104
Koszulka,6,ubrania,105
Spodnie,3,ubrania,105
Bluza,3,ubrania,105
Majtki,6,ubrania,105
Skarpetki,6,ubrania,105
Kalesony,1,ubrania,105
Koszula,2,ubrania,105
Kurtka,1,ubrania,105
Szalik,1,ubrania,105
Rękawiczki,1,ubrania,105
Piżama,1,ubrania,105
Buty,2,ubrania,105
Klapki,1,ubrania,105
Czapka,1,ubrania,105
Okulary,1,ubrania,105
Koszulka,12,ubrania,106
Spodnie,2,ubrania,106
Bluza,2,ubrania,106
Majtki,13,ubrania,106
Skarpetki,13,ubrania,106
Koszula,2,ubrania,106
Piżama,1,ubrania,106
Krótkie spodnie,4,ubrania,106
Adidasy,1,ubrania,106
Sandały,1,ubrania,106
Strój kąpielowy,2,ubrania,106
Japonki,1,ubrania,106
Czapka z daszkiem,1,ubrania,106
Okulary przeciwsłoneczne,1,ubrania,106
Koszulka,7,ubrania,107
Spodnie,2,ubrania,107
Bluza,2,ubrania,107
Majtki,7,ubrania,107
Skarpetki,7,ubrania,107
Koszula,2,ubrania,107
Piżama,1,ubrania,107
Krótkie spodnie,3,ubrania,107
Adidasy,1,ubrania,107
Sandały,1,ubrania,107
Strój kąpielowy,2,ubrania,107
Klapki,1,ubrania,107
Czapka z daszkiem,1,ubrania,107
Okulary przeciwsłoneczne,1,ubrania,107
Szczoteczka,1,higiena,1
Pasta do zębów,1,higiena,1
Szampon,1,higiena,1
Mydło,1,higiena,1
Odżywka,1,higiena,1
Lakier,1,higiena,1
Podpaski,8,higiena,1
Tusz doo rzęs,1,higiena,1
Szminka,2,higiena,1
Krem do twarzy,1,higiena,1
Waciki,5,higiena,1
Dezodorant,1,higiena,1
Parfumy,1,higiena,1
Szczoteczka do zębów,1,higiena,2
Pasta,1,higiena,2
Grzebień,1,higiena,2
Szczotka,1,higiena,2
Waciki,1,higiena,2
Szampon,1,higiena,2
Mydło,1,higiena,2
Odżywka,1,higiena,2
Krem do twarzy,1,higiena,2
Krem do opalania,1,higiena,2
Szminka,2,higiena,2
Perfumy,2,higiena,2
Dezodorant,1,higiena,2
Szczoteczka,1,higiena,3
Pasta,1,higiena,3
Szczotka,1,higiena,3
Szampon,1,higiena,3
Mydło,1,higiena,3
Szminka,1,higiena,3
Podpaski,1,higiena,3
Tampony,1,higiena,3
Dezodorant,1,higiena,3
Szczoteczka do zębów,1,higiena,4
Pasta,1,higiena,4
Szampon,1,higiena,4
Dezodorant,1,higiena,4
Szczoteczka do zębów,1,higiena,5
Pasta,1,higiena,5
Grzebień,1,higiena,5
Waciki,1,higiena,5
Szampon,1,higiena,5
Krem do opalania,1,higiena,5
Lakier,1,higiena,5
Podpaski,6,higiena,5
Tampony,6,higiena,5
Perfumy,2,higiena,5
Dezodorant,1,higiena,5
Szczoteczka do zębów,1,higiena,6
Pasta,1,higiena,6
Szampon,1,higiena,6
Mydło,1,higiena,6
Odżywka,1,higiena,6
Krem do twarzy,1,higiena,6
Szminka,1,higiena,6
Perfumy,1,higiena,6
Dezodorant,1,higiena,6
Szczoteczka do zębów,1,higiena,7
Pasta,1,higiena,7
Grzebień,1,higiena,7
Szczotka,1,higiena,7
Szampon,1,higiena,7
Mydło,1,higiena,7
Odżywka,1,higiena,7
Perfumy,1,higiena,7
Dezodorant,1,higiena,7
Szczoteczka,1,higiena,8
Pasta,1,higiena,8
Szampon,1,higiena,8
Mydło,1,higiena,8
Odżywka,1,higiena,8
Krem do twarzy,1,higiena,8
Podpaski,6,higiena,8
Tampony,6,higiena,8
Dezodorant,1,higiena,8
Szczoteczka do zębów,1,higiena,9
Pasta,1,higiena,9
Grzebień,1,higiena,9
Szczotka,1,higiena,9
Waciki,1,higiena,9
Szampon,1,higiena,9
Mydło,1,higiena,9
Odżywka,1,higiena,9
Krem do twarzy,1,higiena,9
Krem do opalania,1,higiena,9
Lakier,1,higiena,9
Szminka,1,higiena,9
Podpaski,6,higiena,9
Tampony,6,higiena,9
Perfumy,2,higiena,9
Dezodorant,1,higiena,9
Szczoteczka,1,higiena,10
Szczoteczka do zębów,1,higiena,10
Szczotka,1,higiena,10
Szampon,1,higiena,10
Mydło,1,higiena,10
Odżywka,1,higiena,10
Krem do opalania,1,higiena,10
Lakier,1,higiena,10
Szminka,1,higiena,10
Perfumy,1,higiena,10
Dezodorant,1,higiena,10
Szczoteczka do zębów,1,higiena,11
Pasta,1,higiena,11
Szampon,1,higiena,11
Mydło,1,higiena,11
Lakier,1,higiena,11
Szminka,1,higiena,11
Perfumy,1,higiena,11
Dezodorant,1,higiena,11
Krem do twarzy,1,higiena,11
Maseczka na twarz,1,higiena,11
Ręcznik,1,higiena,11
Szczoteczka do zębów,1,higiena,12
Pasta,1,higiena,12
Szampon,1,higiena,12
Prezerwatywy,1,higiena,12
Dezodorant,1,higiena,12
Ręcznik,1,higiena,12
Krem z filtrem,1,higiena,12
Szczoteczka,1,higiena,13
Pasta do zębów,1,higiena,13
Szampon,1,higiena,13
Mydło,1,higiena,13
Maszynka do golenia,1,higiena,13
Pianka do golenia,1,higiena,13
Krem na mróz,1,higiena,13
Prezerwatywy,1,higiena,13
Dezodorant,1,higiena,13
Pasta do włosów,1,higiena,13
Ręcznik,2,higiena,13
Szczoteczka do zębów,1,higiena,14
Pasta,1,higiena,14
Grzebień,1,higiena,14
Szampon,1,higiena,14
Mydło,1,higiena,14
Maszynka do golenia,1,higiena,14
Pianka do golenia,1,higiena,14
Perfumy,1,higiena,14
Dezodorant,1,higiena,14
Pasta do włosów,1,higiena,14
Ręcznik,2,higiena,14
Szczoteczka,1,higiena,15
Pasta do zębów,1,higiena,15
Szampon,1,higiena,15
Mydło,1,higiena,15
Maszynka do golenia,1,higiena,15
Pianka do golenia,1,higiena,15
Perfumy,1,higiena,15
Dezodorant,1,higiena,15
Szczoteczka do zębów,1,higiena,16
Pasta,1,higiena,16
Grzebień,1,higiena,16
Szampon,1,higiena,16
Mydło,1,higiena,16
Dezodorant,1,higiena,16
Ręcznik,1,higiena,16
Szczoteczka,1,higiena,17
Pasta,1,higiena,17
Szampon,1,higiena,17
Mydło,1,higiena,17
Krem z filtrem,1,higiena,17
Szczoteczka do zębów,1,higiena,18
Pasta,1,higiena,18
Szampon,1,higiena,18
Krem na mróz,1,higiena,18
Ręcznik,1,higiena,18
Szczoteczka do zębów,1,higiena,19
Pasta,1,higiena,19
Szampon,1,higiena,19
Mydło,1,higiena,19
Krem z filtrem,1,higiena,19
Dezodorant,1,higiena,19
Ręcznik,2,higiena,19
Szczoteczka do zębów,1,higiena,20
Pasta,1,higiena,20
Grzebień,1,higiena,20
Szampon,1,higiena,20
Maszynka do golenia,1,higiena,20
Pianka do golenia,1,higiena,20
Krem z filtrem,1,higiena,20
Prezerwatywy,1,higiena,20
Perfumy,1,higiena,20
Dezodorant,1,higiena,20
Ręcznik,2,higiena,20
Szczoteczka do zębów,1,higiena,21
Pasta do zębów,1,higiena,21
Szampon,1,higiena,21
Mydło,1,higiena,21
Maszynka do golenia,1,higiena,21
Pianka do golenia,1,higiena,21
Krem do opalania,1,higiena,21
Prezerwatywy,1,higiena,21
Perfumy,1,higiena,21
Dezodorant,1,higiena,21
Pasta do włosów,1,higiena,21
Ręcznik,2,higiena,21
Szczoteczka do zębów,1,higiena,22
Pasta,1,higiena,22
Szampon,1,higiena,22
Mydło,1,higiena,22
Maszynka do golenia,1,higiena,22
Pianka do golenia,1,higiena,22
Krem do opalania,1,higiena,22
Krem z filtrem,1,higiena,22
Prezerwatywy,1,higiena,22
Perfumy,1,higiena,22
Dezodorant,1,higiena,22
Pasta do włosów,1,higiena,22
Ręcznik,2,higiena,22
Szczoteczka do zębów,1,higiena,24
Pasta,1,higiena,24
Grzebień,1,higiena,24
Szampon,1,higiena,24
Mydło,1,higiena,24
Maszynka do golenia,1,higiena,24
Pianka do golenia,1,higiena,24
Perfumy,1,higiena,24
Dezodorant,1,higiena,24
Ręcznik,1,higiena,24
Szczoteczka do zębów,1,higiena,25
Pasta do zębów,1,higiena,25
Grzebień,1,higiena,25
Szczotka,1,higiena,25
Waciki,1,higiena,25
Szampon,1,higiena,25
Mydło,1,higiena,25
Odżywka,1,higiena,25
Krem do twarzy,1,higiena,25
Krem na mróz,1,higiena,25
Lakier,1,higiena,25
Szminka,2,higiena,25
Podpaski,4,higiena,25
Tampony,4,higiena,25
Perfumy,1,higiena,25
Dezodorant,1,higiena,25
Ręcznik,1,higiena,25
Szczoteczka do zębów,1,higiena,26
Pasta,1,higiena,26
Szczotka,1,higiena,26
Waciki,1,higiena,26
Szampon,1,higiena,26
Mydło,1,higiena,26
Płyn do demakijażu,1,higiena,26
Szminka,1,higiena,26
Perfumy,1,higiena,26
Dezodorant,1,higiena,26
Szczoteczka do zębów,1,higiena,27
Pasta,1,higiena,27
Grzebień,1,higiena,27
Szczotka,1,higiena,27
Waciki,1,higiena,27
Szampon,1,higiena,27
Mydło,1,higiena,27
Odżywka,1,higiena,27
Krem na mróz,1,higiena,27
Płyn do demakijażu,1,higiena,27
Szminka,1,higiena,27
Podpaski,4,higiena,27
Perfumy,1,higiena,27
Dezodorant,1,higiena,27
Ręcznik,1,higiena,27
Szczoteczka,1,higiena,28
Pasta,1,higiena,28
Grzebień,1,higiena,28
Szczotka,1,higiena,28
Waciki,1,higiena,28
Szampon,1,higiena,28
Mydło,1,higiena,28
Odżywka,1,higiena,28
Maszynka do golenia,1,higiena,28
Pianka do golenia,1,higiena,28
Krem do twarzy,1,higiena,28
Krem na mróz,1,higiena,28
Płyn do demakijażu,1,higiena,28
Lakier,1,higiena,28
Szminka,1,higiena,28
Perfumy,1,higiena,28
Dezodorant,1,higiena,28
Szminka,1,higiena,29
Szczoteczka do zębów,1,higiena,30
Pasta,1,higiena,30
Grzebień,1,higiena,30
Szczotka,1,higiena,30
Waciki,1,higiena,30
Szampon,1,higiena,30
Mydło,1,higiena,30
Odżywka,1,higiena,30
Płyn do demakijażu,1,higiena,30
Lakier,1,higiena,30
Szminka,1,higiena,30
Perfumy,1,higiena,30
Dezodorant,1,higiena,30
Ręcznik,1,higiena,30
Szczoteczka do zębów,1,higiena,31
Pasta,1,higiena,31
Waciki,1,higiena,31
Szampon,1,higiena,31
Mydło,1,higiena,31
Odżywka,1,higiena,31
Płyn do demakijażu,1,higiena,31
Krem do opalania,1,higiena,31
Krem z filtrem,1,higiena,31
Dezodorant,1,higiena,31
Ręcznik,2,higiena,31
Szminka,1,higiena,31
Szczoteczka do zębów,1,higiena,32
Pasta,1,higiena,32
Grzebień,1,higiena,32
Szczotka,1,higiena,32
Waciki,1,higiena,32
Szampon,1,higiena,32
Mydło,1,higiena,32
Odżywka,1,higiena,32
Płyn do demakijażu,1,higiena,32
Krem do opalania,1,higiena,32
Krem z filtrem,1,higiena,32
Szminka,1,higiena,32
Podpaski,8,higiena,32
Tampony,8,higiena,32
Perfumy,1,higiena,32
Dezodorant,1,higiena,32
Ręcznik,2,higiena,32
Szczoteczka do zębów,1,higiena,34
Pasta,1,higiena,34
Waciki,1,higiena,34
Szampon,1,higiena,34
Mydło,1,higiena,34
Płyn do demakijażu,1,higiena,34
Perfumy,1,higiena,34
Dezodorant,1,higiena,34
Szczoteczka do zębów,1,higiena,35
Pasta,1,higiena,35
Grzebień,1,higiena,35
Szczotka,1,higiena,35
Waciki,1,higiena,35
Szampon,1,higiena,35
Mydło,1,higiena,35
Odżywka,1,higiena,35
Krem z filtrem,1,higiena,35
Krem na mróz,1,higiena,35
Podpaski,8,higiena,35
Tampony,8,higiena,35
Perfumy,1,higiena,35
Dezodorant,1,higiena,35
Szczoteczka do zębów,1,higiena,36
Pasta,1,higiena,36
Szampon,1,higiena,36
Mydło,1,higiena,36
Maszynka do golenia,1,higiena,36
Pianka do golenia,1,higiena,36
Krem do opalania,1,higiena,36
Krem z filtrem,1,higiena,36
Perfumy,1,higiena,36
Dezodorant,1,higiena,36
Ręcznik,2,higiena,36
Szczoteczka,1,higiena,37
Pasta,1,higiena,37
Szampon,1,higiena,37
Mydło,1,higiena,37
Maszynka do golenia,1,higiena,37
Pianka do golenia,1,higiena,37
Krem z filtrem,1,higiena,37
Prezerwatywy,1,higiena,37
Perfumy,1,higiena,37
Dezodorant,1,higiena,37
Szczoteczka do zębów,1,higiena,38
Pasta,1,higiena,38
Szampon,1,higiena,38
Maszynka do golenia,1,higiena,38
Pianka do golenia,1,higiena,38
Dezodorant,1,higiena,38
Szczoteczka do zębów,1,higiena,39
Pasta,1,higiena,39
Szampon,1,higiena,39
Prezerwatywy,1,higiena,39
Szczoteczka do zębów,1,higiena,40
Pasta,1,higiena,40
Szampon,1,higiena,40
Mydło,1,higiena,40
Maszynka do golenia,1,higiena,40
Pianka do golenia,1,higiena,40
Prezerwatywy,1,higiena,40
Perfumy,1,higiena,40
Dezodorant,1,higiena,40
Ręcznik,1,higiena,40
Szczoteczka,1,higiena,41
Pasta,1,higiena,41
Szampon,1,higiena,41
Maszynka do golenia,1,higiena,41
Pianka do golenia,1,higiena,41
Krem z filtrem,1,higiena,41
Dezodorant,1,higiena,41
Szczoteczka do zębów,1,higiena,42
Pasta,1,higiena,42
Szampon,1,higiena,42
Mydło,1,higiena,42
Grzebień,1,higiena,42
Maszynka do golenia,1,higiena,42
Pianka do golenia,1,higiena,42
Prezerwatywy,5,higiena,42
Dezodorant,1,higiena,42
Pasta do włosów,1,higiena,42
Ręcznik,1,higiena,42
Szczoteczka do zębów,1,higiena,43
Pasta,1,higiena,43
Szampon,1,higiena,43
Maszynka do golenia,1,higiena,43
Pianka do golenia,1,higiena,43
Krem do twarzy,1,higiena,43
Szczoteczka,1,higiena,44
Pasta,1,higiena,44
Grzebień,1,higiena,44
Szampon,1,higiena,44
Mydło,1,higiena,44
Maszynka do golenia,1,higiena,44
Pianka do golenia,1,higiena,44
Krem na mróz,1,higiena,44
Prezerwatywy,5,higiena,44
Perfumy,1,higiena,44
Dezodorant,1,higiena,44
Szczoteczka do zębów,1,higiena,45
Pasta do zębów,1,higiena,45
Szampon,1,higiena,45
Mydło,1,higiena,45
Maszynka do golenia,1,higiena,45
Pianka do golenia,1,higiena,45
Krem na mróz,1,higiena,45
Dezodorant,1,higiena,45
Ręcznik,1,higiena,45
Szczoteczka do zębów,1,higiena,46
Pasta,1,higiena,46
Grzebień,1,higiena,46
Szampon,1,higiena,46
Mydło,1,higiena,46
Maszynka do golenia,1,higiena,46
Pianka do golenia,1,higiena,46
Perfumy,1,higiena,46
Dezodorant,1,higiena,46
Pasta do włosów,1,higiena,46
Szczoteczka do zębów,1,higiena,47
Pasta,1,higiena,47
Szampon,1,higiena,47
Maszynka do golenia,1,higiena,47
Pianka do golenia,1,higiena,47
Perfumy,1,higiena,47
Dezodorant,1,higiena,47
Pasta do włosów,1,higiena,47
Szczoteczka do zębów,1,higiena,48
Pasta,1,higiena,48
Szampon,1,higiena,48
Maszynka do golenia,1,higiena,48
Pianka do golenia,1,higiena,48
Grzebień,1,higiena,48
Krem z filtrem,1,higiena,48
Prezerwatywy,6,higiena,48
Dezodorant,1,higiena,48
Pasta do zębów,1,higiena,49
Szczoteczka do zębów,1,higiena,49
Szczotka,1,higiena,49
Szampon,1,higiena,49
Mydło,1,higiena,49
Odżywka,1,higiena,49
Krem do opalania,1,higiena,49
Krem z filtrem,1,higiena,49
Dezodorant,1,higiena,49
Ręcznik,1,higiena,49
Szczoteczka do zębów,1,higiena,50
Pasta do zębów,1,higiena,50
Grzebień,1,higiena,50
Szczotka,1,higiena,50
Szampon,1,higiena,50
Mydło,1,higiena,50
Odżywka,1,higiena,50
Krem do twarzy,1,higiena,50
Krem do opalania,1,higiena,50
Krem z filtrem,1,higiena,50
Lakier,1,higiena,50
Podpaski,8,higiena,50
Tampony,8,higiena,50
Dezodorant,1,higiena,50
Ręcznik,2,higiena,50
Szczoteczka do zębów,1,higiena,51
Pasta do zębów,1,higiena,51
Waciki,1,higiena,51
Szampon,1,higiena,51
Mydło,1,higiena,51
Odżywka,1,higiena,51
Krem do opalania,1,higiena,51
Krem z filtrem,1,higiena,51
Lakier,1,higiena,51
Szminka,1,higiena,51
Perfumy,2,higiena,51
Dezodorant,1,higiena,51
Szczoteczka do zębów,1,higiena,52
Pasta do zębów,1,higiena,52
Grzebień,1,higiena,52
Szczotka,1,higiena,52
Waciki,1,higiena,52
Szampon,1,higiena,52
Mydło,1,higiena,52
Odżywka,1,higiena,52
Krem do twarzy,1,higiena,52
Krem do opalania,1,higiena,52
Krem z filtrem,1,higiena,52
Podpaski,6,higiena,52
Tampony,6,higiena,52
Szminka,1,higiena,52
Perfumy,2,higiena,52
Dezodorant,1,higiena,52
Szczoteczka do zębów,1,higiena,53
Pasta do zębów,1,higiena,53
Waciki,1,higiena,53
Szampon,1,higiena,53
Mydło,1,higiena,53
Odżywka,1,higiena,53
Krem na mróz,1,higiena,53
Płyn do demakijażu,1,higiena,53
Szminka,1,higiena,53
Perfumy,2,higiena,53
Dezodorant,1,higiena,53
Ręcznik,2,higiena,53
Szczoteczka do zębów,1,higiena,54
Pasta do zębów,1,higiena,54
Grzebień,1,higiena,54
Szczotka,1,higiena,54
Waciki,1,higiena,54
Szampon,1,higiena,54
Mydło,1,higiena,54
Odżywka,1,higiena,54
Maszynka do golenia,1,higiena,54
Pianka do golenia,1,higiena,54
Krem do twarzy,1,higiena,54
Krem na mróz,1,higiena,54
Płyn do demakijażu,1,higiena,54
Szminka,1,higiena,54
Dezodorant,1,higiena,54
Szczoteczka do zębów,1,higiena,55
Pasta do zębów,1,higiena,55
Szczotka,1,higiena,55
Waciki,1,higiena,55
Szampon,1,higiena,55
Mydło,1,higiena,55
Odżywka,1,higiena,55
Krem do twarzy,1,higiena,55
Krem do opalania,1,higiena,55
Krem z filtrem,1,higiena,55
Szminka,1,higiena,55
Podpaski,6,higiena,55
Tampony,6,higiena,55
Perfumy,2,higiena,55
Dezodorant,1,higiena,55
Szczoteczka do zębów,1,higiena,56
Pasta do zębów,1,higiena,56
Waciki,1,higiena,56
Szampon,1,higiena,56
Odżywka,1,higiena,56
Płyn do demakijażu,1,higiena,56
Krem do opalania,1,higiena,56
Krem z filtrem,1,higiena,56
Lakier,1,higiena,56
Szminka,1,higiena,56
Perfumy,2,higiena,56
Dezodorant,1,higiena,56
Szczoteczka do zębów,1,higiena,57
Pasta do zębów,1,higiena,57
Szampon,1,higiena,57
Krem z filtrem,1,higiena,57
Dezodorant,1,higiena,57
Ręcznik,2,higiena,57
Szczoteczka do zębów,1,higiena,58
Pasta do zębów,1,higiena,58
Szczotka,1,higiena,58
Waciki,1,higiena,58
Szampon,1,higiena,58
Krem z filtrem,1,higiena,58
Płyn do demakijażu,1,higiena,58
Szminka,1,higiena,58
Podpaski,6,higiena,58
Tampony,6,higiena,58
Ręcznik,2,higiena,58
Dezodorant,1,higiena,58
Szczoteczka do zębów,1,higiena,59
Pasta do zębów,1,higiena,59
Szampon,1,higiena,59
Mydło,1,higiena,59
Krem z filtrem,1,higiena,59
Dezodorant,1,higiena,59
Szczoteczka do zębów,1,higiena,60
Pasta do zębów,1,higiena,60
Szampon,1,higiena,60
Mydło,1,higiena,60
Maszynka do golenia,1,higiena,60
Pianka do golenia,1,higiena,60
Dezodorant,1,higiena,60
Szczoteczka do zębów,1,higiena,61
Pasta do zębów,1,higiena,61
Grzebień,1,higiena,61
Szampon,1,higiena,61
Maszynka do golenia,1,higiena,61
Pianka do golenia,1,higiena,61
Perfumy,1,higiena,61
Dezodorant,1,higiena,61
Szczoteczka do zębów,1,higiena,62
Pasta do zębów,1,higiena,62
Szampon,1,higiena,62
Mydło,1,higiena,62
Maszynka do golenia,1,higiena,62
Pianka do golenia,1,higiena,62
Ręcznik,2,higiena,62
Dezodorant,1,higiena,62
Szczoteczka do zębów,1,higiena,63
Pasta do zębów,1,higiena,63
Szampon,1,higiena,63
Mydło,1,higiena,63
Maszynka do golenia,1,higiena,63
Pianka do golenia,1,higiena,63
Prezerwatywy,3,higiena,63
Dezodorant,1,higiena,63
Pasta do włosów,1,higiena,63
Szczoteczka do zębów,1,higiena,64
Pasta do zębów,1,higiena,64
Grzebień,1,higiena,64
Szampon,1,higiena,64
Mydło,1,higiena,64
Maszynka do golenia,1,higiena,64
Pianka do golenia,1,higiena,64
Perfumy,1,higiena,64
Dezodorant,1,higiena,64
Pasta do włosów,1,higiena,64
Szczoteczka do zębów,1,higiena,65
Pasta,1,higiena,65
Grzebień,1,higiena,65
Szczotka,1,higiena,65
Maszynka do golenia,1,higiena,65
Pianka do golenia,1,higiena,65
Perfumy,1,higiena,65
Dezodorant,1,higiena,65
Szczoteczka do zębów,1,higiena,66
Pasta do zębów,1,higiena,66
Szampon,1,higiena,66
Krem z filtrem,1,higiena,66
Dezodorant,1,higiena,66
Ręcznik,2,higiena,66
Szczoteczka do zębów,1,higiena,67
Pasta do zębów,1,higiena,67
Szampon,1,higiena,67
Krem z filtrem,1,higiena,67
Dezodorant,1,higiena,67
Ręcznik,2,higiena,67
Szczoteczka do zębów,1,higiena,69
Pasta do zębów,1,higiena,69
Szampon,1,higiena,69
Ręcznik,1,higiena,69
Szczoteczka do zębów,1,higiena,70
Pasta do zębów,1,higiena,70
Szampon,1,higiena,70
Mydło,1,higiena,70
Krem do opalania,1,higiena,70
Krem z filtrem,1,higiena,70
Maszynka do golenia,1,higiena,70
Pianka do golenia,1,higiena,70
Dezodorant,1,higiena,70
Pasta do włosów,1,higiena,70
Szczoteczka do zębów,1,higiena,71
Pasta do zębów,1,higiena,71
Szampon,1,higiena,71
Mydło,1,higiena,71
Maszynka do golenia,1,higiena,71
Pianka do golenia,1,higiena,71
Krem z filtrem,1,higiena,71
Prezerwatywy,3,higiena,71
Perfumy,1,higiena,71
Dezodorant,1,higiena,71
Pasta do włosów,1,higiena,71
Ręcznik,1,higiena,71
Szczoteczka do zębów,1,higiena,72
Pasta do zębów,1,higiena,72
Szampon,1,higiena,72
Mydło,1,higiena,72
Maszynka do golenia,1,higiena,72
Pianka do golenia,1,higiena,72
Krem do opalania,1,higiena,72
Krem z filtrem,1,higiena,72
Prezerwatywy,3,higiena,72
Perfumy,1,higiena,72
Dezodorant,1,higiena,72
Ręcznik,1,higiena,72
Szczoteczka do zębów,1,higiena,73
Pasta do zębów,1,higiena,73
Szczotka,1,higiena,73
Waciki,1,higiena,73
Szampon,1,higiena,73
Mydło,1,higiena,73
Odżywka,1,higiena,73
Krem do twarzy,1,higiena,73
Płyn do demakijażu,1,higiena,73
Krem do opalania,1,higiena,73
Krem z filtrem,1,higiena,73
Podpaski,6,higiena,73
Tampony,6,higiena,73
Perfumy,2,higiena,73
Dezodorant,1,higiena,73
Szczoteczka do zębów,1,higiena,74
Pasta do zębów,1,higiena,74
Szczotka,1,higiena,74
Waciki,1,higiena,74
Szampon,1,higiena,74
Mydło,1,higiena,74
Odżywka,1,higiena,74
Płyn do demakijażu,1,higiena,74
Krem do opalania,1,higiena,74
Krem z filtrem,1,higiena,74
Lakier,1,higiena,74
Szminka,1,higiena,74
Podpaski,6,higiena,74
Tampony,6,higiena,74
Perfumy,2,higiena,74
Dezodorant,1,higiena,74
Pasta do zębów,1,higiena,75
Szczoteczka do zębów,1,higiena,75
Szczotka,1,higiena,75
Waciki,1,higiena,75
Szampon,1,higiena,75
Mydło,1,higiena,75
Odżywka,1,higiena,75
Krem do twarzy,1,higiena,75
Lakier,1,higiena,75
Szminka,1,higiena,75
Perfumy,2,higiena,75
Dezodorant,1,higiena,75
Ręcznik,1,higiena,75
Szczoteczka do zębów,1,higiena,76
Pasta do zębów,1,higiena,76
Grzebień,1,higiena,76
Szczotka,1,higiena,76
Waciki,1,higiena,76
Szampon,1,higiena,76
Mydło,1,higiena,76
Odżywka,1,higiena,76
Krem do twarzy,1,higiena,76
Płyn do demakijażu,1,higiena,76
Perfumy,2,higiena,76
Dezodorant,1,higiena,76
Maseczka na twarz,1,higiena,76
Ręcznik,1,higiena,76
Szczoteczka do zębów,1,higiena,77
Pasta do zębów,1,higiena,77
Szampon,1,higiena,77
Mydło,1,higiena,77
Krem do twarzy,1,higiena,77
Krem z filtrem,1,higiena,77
Dezodorant,1,higiena,77
Ręcznik,1,higiena,77
Szczoteczka do zębów,1,higiena,78
Pasta do zębów,1,higiena,78
Szczotka,1,higiena,78
Szampon,1,higiena,78
Mydło,1,higiena,78
Odżywka,1,higiena,78
Krem z filtrem,1,higiena,78
Podpaski,6,higiena,78
Tampony,6,higiena,78
Dezodorant,1,higiena,78
Ręcznik,1,higiena,78
Szczoteczka do zębów,1,higiena,80
Pasta do zębów,1,higiena,80
Waciki,1,higiena,80
Szampon,1,higiena,80
Mydło,1,higiena,80
Odżywka,1,higiena,80
Płyn do demakijażu,1,higiena,80
Szminka,1,higiena,80
Perfumy,2,higiena,80
Dezodorant,1,higiena,80
Szczoteczka do zębów,1,higiena,81
Pasta do zębów,1,higiena,81
Szampon,1,higiena,81
Dezodorant,1,higiena,81
Ręcznik,1,higiena,81
Szczoteczka do zębów,1,higiena,82
Pasta do zębów,1,higiena,82
Szampon,1,higiena,82
Podpaski,3,higiena,82
Tampony,3,higiena,82
Dezodorant,1,higiena,82
Szczoteczka do zębów,1,higiena,83
Pasta do zębów,1,higiena,83
Szampon,1,higiena,83
Mydło,1,higiena,83
Krem z filtrem,1,higiena,83
Krem z filtrem,1,higiena,81
Krem z filtrem,1,higiena,82
Dezodorant,1,higiena,83
Ręcznik,1,higiena,83
Szczoteczka do zębów,1,higiena,85
Pasta do zębów,1,higiena,85
Maszynka do golenia,1,higiena,85
Pianka do golenia,1,higiena,85
Krem z filtrem,1,higiena,85
Dezodorant,1,higiena,85
Ręcznik,1,higiena,85
Szczoteczka do zębów,1,higiena,86
Pasta do zębów,1,higiena,86
Szampon,1,higiena,86
Maszynka do golenia,1,higiena,86
Pianka do golenia,1,higiena,86
Prezerwatywy,3,higiena,86
Dezodorant,1,higiena,86
Szczoteczka do zębów,1,higiena,87
Pasta do zębów,1,higiena,87
Szampon,1,higiena,87
Dezodorant,1,higiena,87
Ręcznik,1,higiena,87
Szczoteczka do zębów,1,higiena,88
Pasta do zębów,1,higiena,88
Maszynka do golenia,1,higiena,88
Pianka do golenia,1,higiena,88
Dezodorant,1,higiena,88
Ręcznik,1,higiena,88
Krem z filtrem,1,higiena,89
Krem z filtrem,1,higiena,88
Szczoteczka do zębów,1,higiena,90
Pasta do zębów,1,higiena,90
Szampon,1,higiena,90
Mydło,1,higiena,90
Dezodorant,1,higiena,90
Szczoteczka do zębów,1,higiena,91
Pasta do zębów,1,higiena,91
Maszynka do golenia,1,higiena,91
Pianka do golenia,1,higiena,91
Szampon,1,higiena,91
Mydło,1,higiena,91
Krem z filtrem,1,higiena,91
Dezodorant,1,higiena,91
Szczoteczka do zębów,1,higiena,92
Pasta do zębów,1,higiena,92
Szampon,1,higiena,92
Krem z filtrem,1,higiena,92
Dezodorant,1,higiena,92
Szczoteczka do zębów,1,higiena,93
Pasta do zębów,1,higiena,93
Szampon,1,higiena,93
Krem z filtrem,1,higiena,93
Dezodorant,1,higiena,93
Ręcznik,1,higiena,93
Szczoteczka do zębów,1,higiena,94
Pasta do zębów,1,higiena,94
Szampon,1,higiena,94
Dezodorant,1,higiena,94
Ręcznik,1,higiena,94
Krem z filtrem,1,higiena,95
Szczoteczka do zębów,1,higiena,96
Pasta do zębów,1,higiena,96
Maszynka do golenia,1,higiena,96
Pianka do golenia,1,higiena,96
Szampon,1,higiena,96
Dezodorant,1,higiena,96
Ręcznik,1,higiena,96
Szczoteczka do zębów,1,higiena,97
Pasta do zębów,1,higiena,97
Waciki,1,higiena,97
Szampon,1,higiena,97
Mydło,1,higiena,97
Odżywka,1,higiena,97
Płyn do demakijażu,1,higiena,97
Krem z filtrem,1,higiena,97
Dezodorant,1,higiena,97
Szczoteczka do zębów,1,higiena,98
Pasta do zębów,1,higiena,98
Szampon,1,higiena,98
Mydło,1,higiena,98
Krem z filtrem,1,higiena,98
Podpaski,3,higiena,98
Tampony,3,higiena,98
Ręcznik,1,higiena,98
Szczoteczka do zębów,1,higiena,99
Pasta do zębów,1,higiena,99
Szampon,1,higiena,99
Mydło,1,higiena,99
Odżywka,1,higiena,99
Krem z filtrem,1,higiena,99
Dezodorant,1,higiena,99
Podpaski,8,higiena,99
Tampony,8,higiena,99
Szczoteczka do zębów,1,higiena,100
Pasta do zębów,1,higiena,100
Szampon,1,higiena,100
Mydło,1,higiena,100
Odżywka,1,higiena,100
Krem z filtrem,1,higiena,100
Dezodorant,1,higiena,100
Ręcznik,1,higiena,100
Szczoteczka do zębów,1,higiena,101
Pasta do zębów,1,higiena,101
Szampon,1,higiena,101
Mydło,1,higiena,101
Dezodorant,1,higiena,101
Ręcznik,1,higiena,101
Pasta do zębów,1,higiena,103
Maszynka do golenia,1,higiena,103
Pianka do golenia,1,higiena,103
Szczoteczka do zębów,1,higiena,103
Perfumy,1,higiena,103
Dezodorant,1,higiena,103
Ręcznik,1,higiena,103
Szczoteczka do zębów,1,higiena,104
Pasta do zębów,1,higiena,104
Szampon,1,higiena,104
Maszynka do golenia,1,higiena,104
Pianka do golenia,1,higiena,104
Prezerwatywy,3,higiena,104
Perfumy,1,higiena,104
Dezodorant,1,higiena,104
Szczoteczka do zębów,1,higiena,105
Pasta do zębów,1,higiena,105
Szampon,1,higiena,105
Mydło,1,higiena,105
Maszynka do golenia,1,higiena,105
Pianka do golenia,1,higiena,105
Prezerwatywy,3,higiena,105
Dezodorant,1,higiena,105
Szczoteczka do zębów,1,higiena,106
Pasta do zębów,1,higiena,106
Szampon,1,higiena,106
Maszynka do golenia,1,higiena,106
Pianka do golenia,1,higiena,106
Krem do opalania,1,higiena,106
Krem z filtrem,1,higiena,106
Prezerwatywy,6,higiena,106
Perfumy,1,higiena,106
Dezodorant,1,higiena,106
Pasta do włosów,1,higiena,106
Szczoteczka do zębów,1,higiena,107
Pasta do zębów,1,higiena,107
Szampon,1,higiena,107
Maszynka do golenia,1,higiena,107
Pianka do golenia,1,higiena,107
Prezerwatywy,3,higiena,107
Perfumy,1,higiena,107
Dezodorant,1,higiena,107
Krem z filtrem,1,higiena,107
Dowód,1,dokumenty,1
Bilet na samolot,1,dokumenty,1
Potwierdzenie hotelu,1,dokumenty,1
Umowa,1,dokumenty,1
Pieniądze,1,dokumenty,1
Dowód,1,dokumenty,2
Portfel,1,dokumenty,2
Ubezpieczenie,1,dokumenty,2
EKUZ,1,dokumenty,2
Dowód,1,dokumenty,3
Portfel,1,dokumenty,3
Prawo jazdy,1,dokumenty,3
Dowód,1,dokumenty,4
Mapa,1,dokumenty,4
Karta kredytowa,1,dokumenty,4
Ubezpieczenie,1,dokumenty,4
Dowód,1,dokumenty,5
Bilet na samolot,1,dokumenty,5
Potwierdzenie hotelu,1,dokumenty,5
Paszport,1,dokumenty,5
Portfel,1,dokumenty,5
Ubezpieczenie,1,dokumenty,5
Portfel,1,dokumenty,6
Teczka,1,dokumenty,7
Portfel,1,dokumenty,7
Mapa,1,dokumenty,8
Portfel,1,dokumenty,8
Dowód,1,dokumenty,9
Paszport,1,dokumenty,9
Ubezpieczenie,1,dokumenty,9
EKUZ,1,dokumenty,9
Karta kredytowa,1,dokumenty,9
Dowód,1,dokumenty,10
Bilet na samolot,1,dokumenty,10
Potwierdzenie hotelu,1,dokumenty,10
Paszport,1,dokumenty,10
Mapa,1,dokumenty,10
Portfel,1,dokumenty,10
Ubezpieczenie,1,dokumenty,10
Portfel,1,dokumenty,11
Portfel,1,dokumenty,12
Ubezpieczenie,1,dokumenty,12
Potwierdzenie hotelu,1,dokumenty,12
Pieniądze,1,dokumenty,13
Portfel,1,dokumenty,13
Ubezpieczenie,1,dokumenty,13
Potwierdzenie hotelu,1,dokumenty,13
EKUZ,1,dokumenty,13
Dowód,1,dokumenty,14
Bilet na samolot,1,dokumenty,14
Potwierdzenie hotelu,1,dokumenty,14
Umowa,1,dokumenty,14
Teczka,1,dokumenty,14
Portfel,1,dokumenty,14
Ubezpieczenie,1,dokumenty,14
Prawo jazdy,1,dokumenty,14
EKUZ,1,dokumenty,14
Identyfikator,1,dokumenty,14
Karta kredytowa,1,dokumenty,14
Dowód,1,dokumenty,15
Paszport,1,dokumenty,15
Polisa,1,dokumenty,15
EKUZ,1,dokumenty,15
Portfel,1,dokumenty,16
Ubezpieczenie,1,dokumenty,16
Potwierdzenie hotelu,1,dokumenty,16
Prawo jazdy,1,dokumenty,16
Portfel,1,dokumenty,17
EKUZ,1,dokumenty,17
Pieniądze,1,dokumenty,18
Paszport,1,dokumenty,18
EKUZ,1,dokumenty,18
Dowód,1,dokumenty,19
Potwierdzenie hotelu,1,dokumenty,19
Pieniądze,1,dokumenty,19
Portfel,1,dokumenty,19
EKUZ,1,dokumenty,19
Ubezpieczenie,1,dokumenty,19
Dowód,1,dokumenty,20
Bilet na samolot,1,dokumenty,20
Potwierdzenie hotelu,1,dokumenty,20
Pieniądze,1,dokumenty,20
Wiza,1,dokumenty,20
Portfel,1,dokumenty,20
Paszport,1,dokumenty,21
Pieniądze,1,dokumenty,21
Portfel,1,dokumenty,21
Pieniądze,1,dokumenty,22
Portfel,1,dokumenty,22
EKUZ,1,dokumenty,22
Umowa,1,dokumenty,23
Teczka,1,dokumenty,23
Prawo jazdy,1,dokumenty,23
Identyfikator,1,dokumenty,23
Karta kredytowa,1,dokumenty,23
Dowód,1,dokumenty,24
Teczka,1,dokumenty,24
Portfel,1,dokumenty,24
Identyfikator,1,dokumenty,24
Dowód,1,dokumenty,25
Pieniądze,1,dokumenty,25
Ubezpieczenie,1,dokumenty,25
EKUZ,1,dokumenty,25
Potwierdzenie hotelu,1,dokumenty,26
Portfel,1,dokumenty,26
Mapa,1,dokumenty,26
Pieniądze,1,dokumenty,27
Potwierdzenie hotelu,1,dokumenty,27
Dowód,1,dokumenty,27
Ubezpieczenie,1,dokumenty,27
Prawo jazdy,1,dokumenty,27
Karta kredytowa,1,dokumenty,27
Pieniądze,1,dokumenty,28
Dowód,1,dokumenty,28
Potwierdzenie hotelu,1,dokumenty,28
Mapa,1,dokumenty,28
Prawo jazdy,1,dokumenty,28
EKUZ,1,dokumenty,28
Ubezpieczenie,1,dokumenty,28
Karta kredytowa,1,dokumenty,28
Prawo jazdy,1,dokumenty,29
Teczka,1,dokumenty,29
Portfel,1,dokumenty,29
Identyfikator,1,dokumenty,29
Portfel,1,dokumenty,30
Umowa,1,dokumenty,30
Identyfikator,1,dokumenty,30
Dowód,1,dokumenty,31
Bilet na samolot,1,dokumenty,31
Potwierdzenie hotelu,1,dokumenty,31
Paszport,1,dokumenty,31
Pieniądze,1,dokumenty,31
Ubezpieczenie,1,dokumenty,31
Legitymacja,1,dokumenty,31
Bilet na samolot,1,dokumenty,32
Potwierdzenie hotelu,1,dokumenty,32
Portfel,1,dokumenty,32
Pieniądze,1,dokumenty,32
Ubezpieczenie,1,dokumenty,32
EKUZ,1,dokumenty,32
Legitymacja,1,dokumenty,32
Portfel,1,dokumenty,33
Dowód,1,dokumenty,34
Potwierdzenie hotelu,1,dokumenty,34
Portfel,1,dokumenty,34
Karta kredytowa,1,dokumenty,34
Dowód,1,dokumenty,35
Bilet na samolot,1,dokumenty,35
Paszport,1,dokumenty,35
EKUZ,1,dokumenty,35
Legitymacja,1,dokumenty,35
Portfel,1,dokumenty,35
Ubezpieczenie,1,dokumenty,35
Karta kredytowa,1,dokumenty,35
Pieniądze,1,dokumenty,35
Dowód,1,dokumenty,36
Bilet na samolot,1,dokumenty,36
Potwierdzenie hotelu,1,dokumenty,36
Paszport,1,dokumenty,36
Pieniądze,1,dokumenty,36
Portfel,1,dokumenty,36
Ubezpieczenie,1,dokumenty,36
Prawo jazdy,1,dokumenty,36
EKUZ,1,dokumenty,36
Karta kredytowa,1,dokumenty,36
Dowód,1,dokumenty,37
Bilet na samolot,1,dokumenty,37
Potwierdzenie hotelu,1,dokumenty,37
Portfel,1,dokumenty,37
Ubezpieczenie,1,dokumenty,37
Portfel,1,dokumenty,38
Prawo jazdy,1,dokumenty,38
Dowód,1,dokumenty,39
Pieniądze,1,dokumenty,39
Prawo jazdy,1,dokumenty,39
Ubezpieczenie,1,dokumenty,39
Legitymacja,1,dokumenty,39
Dowód,1,dokumenty,40
Paszport,1,dokumenty,40
Portfel,1,dokumenty,40
Ubezpieczenie,1,dokumenty,40
Portfel,1,dokumenty,41
Wiza,1,dokumenty,41
Paszport,1,dokumenty,41
Pieniądze,1,dokumenty,41
Ubezpieczenie,1,dokumenty,41
Dowód,1,dokumenty,42
Pieniądze,1,dokumenty,42
Mapa,1,dokumenty,42
Ubezpieczenie,1,dokumenty,42
Karta kredytowa,1,dokumenty,42
Portfel,1,dokumenty,43
Pieniądze,1,dokumenty,43
Dowód,1,dokumenty,43
Potwierdzenie hotelu,1,dokumenty,43
Potwierdzenie hotelu,1,dokumenty,44
Paszport,1,dokumenty,44
Portfel,1,dokumenty,44
Ubezpieczenie,1,dokumenty,44
Prawo jazdy,1,dokumenty,44
Dowód,1,dokumenty,45
Potwierdzenie hotelu,1,dokumenty,45
Mapa,1,dokumenty,45
Pieniądze,1,dokumenty,45
Prawo jazdy,1,dokumenty,45
EKUZ,1,dokumenty,45
Ubezpieczenie,1,dokumenty,45
Dowód,1,dokumenty,46
Teczka,1,dokumenty,46
Portfel,1,dokumenty,46
Identyfikator,1,dokumenty,46
Karta kredytowa,1,dokumenty,46
Dowód,1,dokumenty,47
Potwierdzenie hotelu,1,dokumenty,47
Umowa,1,dokumenty,47
Teczka,1,dokumenty,47
Identyfikator,1,dokumenty,47
Dowód,1,dokumenty,48
Bilet na samolot,1,dokumenty,48
Potwierdzenie hotelu,1,dokumenty,48
Wiza,1,dokumenty,48
Ubezpieczenie,1,dokumenty,48
Prawo jazdy,1,dokumenty,48
Portfel,1,dokumenty,49
Legitymacja,1,dokumenty,49
Paszport,1,dokumenty,50
EKUZ,1,dokumenty,50
Legitymacja,1,dokumenty,50
Paszport,1,dokumenty,51
Pieniądze,1,dokumenty,51
Ubezpieczenie,1,dokumenty,51
Karta kredytowa,1,dokumenty,51
Dowód,1,dokumenty,52
Pieniądze,1,dokumenty,52
Ubezpieczenie,1,dokumenty,52
Potwierdzenie hotelu,1,dokumenty,53
Dowód,1,dokumenty,53
Portfel,1,dokumenty,53
Ubezpieczenie,1,dokumenty,53
Pieniądze,1,dokumenty,53
EKUZ,1,dokumenty,53
Legitymacja,1,dokumenty,53
Dowód,1,dokumenty,54
Potwierdzenie hotelu,1,dokumenty,54
Pieniądze,1,dokumenty,54
Portfel,1,dokumenty,54
Ubezpieczenie,1,dokumenty,54
Karta kredytowa,1,dokumenty,54
Dowód,1,dokumenty,55
Bilet na samolot,1,dokumenty,55
Potwierdzenie hotelu,1,dokumenty,55
Pieniądze,1,dokumenty,55
Ubezpieczenie,1,dokumenty,55
Dowód,1,dokumenty,56
Bilet na samolot,1,dokumenty,56
Potwierdzenie hotelu,1,dokumenty,56
Portfel,1,dokumenty,56
Ubezpieczenie,1,dokumenty,56
Karta kredytowa,1,dokumenty,56
Dowód,1,dokumenty,57
Potwierdzenie hotelu,1,dokumenty,57
Pieniądze,1,dokumenty,57
Prawo jazdy,1,dokumenty,57
Karta kredytowa,1,dokumenty,57
Dowód,1,dokumenty,58
Paszport,1,dokumenty,58
Pieniądze,1,dokumenty,58
Ubezpieczenie,1,dokumenty,58
Prawo jazdy,1,dokumenty,58
Dowód,1,dokumenty,59
Potwierdzenie hotelu,1,dokumenty,59
Pieniądze,1,dokumenty,59
Karta kredytowa,1,dokumenty,59
Ubezpieczenie,1,dokumenty,59
Dowód,1,dokumenty,60
Pieniądze,1,dokumenty,60
Prawo jazdy,1,dokumenty,60
Dowód,1,dokumenty,61
Pieniądze,1,dokumenty,61
Mapa,1,dokumenty,61
Prawo jazdy,1,dokumenty,61
Dowód,1,dokumenty,62
Legitymacja,1,dokumenty,62
Pieniądze,1,dokumenty,62
Karta kredytowa,1,dokumenty,62
Dowód,1,dokumenty,63
Potwierdzenie hotelu,1,dokumenty,63
Pieniądze,1,dokumenty,63
Mapa,1,dokumenty,63
EKUZ,1,dokumenty,63
Legitymacja,1,dokumenty,63
Dowód,1,dokumenty,64
Bilet na samolot,1,dokumenty,64
Potwierdzenie hotelu,1,dokumenty,64
Umowa,1,dokumenty,64
Teczka,1,dokumenty,64
Identyfikator,1,dokumenty,64
Dowód,1,dokumenty,65
Bilet na samolot,1,dokumenty,65
Potwierdzenie hotelu,1,dokumenty,65
Paszport,1,dokumenty,65
Pieniądze,1,dokumenty,65
Identyfikator,1,dokumenty,65
Legitymacja,1,dokumenty,66
Paszport,1,dokumenty,66
Pieniądze,1,dokumenty,66
EKUZ,1,dokumenty,66
Paszport,1,dokumenty,67
EKUZ,1,dokumenty,67
Legitymacja,1,dokumenty,67
Legitymacja,1,dokumenty,68
Pieniądze,1,dokumenty,68
Paszport,1,dokumenty,69
Pieniądze,1,dokumenty,69
Legitymacja,1,dokumenty,69
Dowód,1,dokumenty,70
Bilet na samolot,1,dokumenty,70
Potwierdzenie hotelu,1,dokumenty,70
Pieniądze,1,dokumenty,70
Portfel,1,dokumenty,70
Ubezpieczenie,1,dokumenty,70
Legitymacja,1,dokumenty,70
Dowód,1,dokumenty,71
Bilet na samolot,1,dokumenty,71
Potwierdzenie hotelu,1,dokumenty,71
Portfel,1,dokumenty,71
Ubezpieczenie,1,dokumenty,71
EKUZ,1,dokumenty,71
Legitymacja,1,dokumenty,71
Dowód,1,dokumenty,72
Bilet na samolot,1,dokumenty,72
Potwierdzenie hotelu,1,dokumenty,72
Prawo jazdy,1,dokumenty,72
EKUZ,1,dokumenty,72
Legitymacja,1,dokumenty,72
Ubezpieczenie,1,dokumenty,72
Portfel,1,dokumenty,72
Dowód,1,dokumenty,73
Bilet na samolot,1,dokumenty,73
Potwierdzenie hotelu,1,dokumenty,73
Paszport,1,dokumenty,73
Pieniądze,1,dokumenty,73
Ubezpieczenie,1,dokumenty,73
Karta kredytowa,1,dokumenty,73
Dowód,1,dokumenty,74
Bilet na samolot,1,dokumenty,74
Potwierdzenie hotelu,1,dokumenty,74
Legitymacja,1,dokumenty,74
Potwierdzenie hotelu,1,dokumenty,75
Dowód,1,dokumenty,75
Prawo jazdy,1,dokumenty,75
Portfel,1,dokumenty,75
Ubezpieczenie,1,dokumenty,75
EKUZ,1,dokumenty,75
Potwierdzenie hotelu,1,dokumenty,76
Dowód,1,dokumenty,76
Pieniądze,1,dokumenty,76
Ubezpieczenie,1,dokumenty,76
Karta kredytowa,1,dokumenty,76
Prawo jazdy,1,dokumenty,76
Dowód,1,dokumenty,77
Pieniądze,1,dokumenty,77
Ubezpieczenie,1,dokumenty,77
Prawo jazdy,1,dokumenty,77
Legitymacja,1,dokumenty,77
Dowód,1,dokumenty,78
Potwierdzenie hotelu,1,dokumenty,78
Paszport,1,dokumenty,78
Pieniądze,1,dokumenty,78
Ubezpieczenie,1,dokumenty,78
Prawo jazdy,1,dokumenty,78
EKUZ,1,dokumenty,78
Legitymacja,1,dokumenty,78
Umowa,1,dokumenty,79
Teczka,1,dokumenty,79
Dowód,1,dokumenty,79
Identyfikator,1,dokumenty,79
Potwierdzenie hotelu,1,dokumenty,80
Dowód,1,dokumenty,80
Portfel,1,dokumenty,80
Identyfikator,1,dokumenty,80
Dowód,1,dokumenty,81
Pieniądze,1,dokumenty,81
Karta kredytowa,1,dokumenty,81
Dowód,1,dokumenty,82
Potwierdzenie hotelu,1,dokumenty,82
Pieniądze,1,dokumenty,82
Portfel,1,dokumenty,82
Ubezpieczenie,1,dokumenty,82
Dowód,1,dokumenty,83
Paszport,1,dokumenty,83
Pieniądze,1,dokumenty,83
Portfel,1,dokumenty,83
Portfel,1,dokumenty,84
Mapa,1,dokumenty,84
Pieniądze,1,dokumenty,84
Dowód,1,dokumenty,84
Dowód,1,dokumenty,85
Pieniądze,1,dokumenty,85
Mapa,1,dokumenty,85
Dowód,1,dokumenty,86
Potwierdzenie hotelu,1,dokumenty,86
Pieniądze,1,dokumenty,86
Karta kredytowa,1,dokumenty,86
Legitymacja,1,dokumenty,86
Mapa,1,dokumenty,86
Dowód,1,dokumenty,87
Pieniądze,1,dokumenty,87
Karta kredytowa,1,dokumenty,87
EKUZ,1,dokumenty,87
Legitymacja,1,dokumenty,87
Mapa,1,dokumenty,87
Dowód,1,dokumenty,88
Pieniądze,1,dokumenty,88
Ubezpieczenie,1,dokumenty,88
Mapa,1,dokumenty,88
Pieniądze,1,dokumenty,89
Dowód,1,dokumenty,89
Mapa,1,dokumenty,89
Portfel,1,dokumenty,89
Pieniądze,1,dokumenty,90
Legitymacja,1,dokumenty,90
Pieniądze,1,dokumenty,91
Legitymacja,1,dokumenty,91
Dowód,1,dokumenty,92
Pieniądze,1,dokumenty,92
EKUZ,1,dokumenty,92
Legitymacja,1,dokumenty,92
Mapa,1,dokumenty,92
Pieniądze,1,dokumenty,93
Portfel,1,dokumenty,93
Mapa,1,dokumenty,93
Legitymacja,1,dokumenty,93
Dowód,1,dokumenty,94
Potwierdzenie hotelu,1,dokumenty,94
Portfel,1,dokumenty,94
Ubezpieczenie,1,dokumenty,94
Pieniądze,1,dokumenty,94
Pieniądze,1,dokumenty,95
Dowód,1,dokumenty,95
Mapa,1,dokumenty,95
Ubezpieczenie,1,dokumenty,95
Portfel,1,dokumenty,95
Dowód,1,dokumenty,96
Pieniądze,1,dokumenty,96
Mapa,1,dokumenty,96
Portfel,1,dokumenty,96
Ubezpieczenie,1,dokumenty,96
Karta kredytowa,1,dokumenty,96
Dowód,1,dokumenty,97
Pieniądze,1,dokumenty,97
Mapa,1,dokumenty,97
Portfel,1,dokumenty,97
Karta kredytowa,1,dokumenty,97
Dowód,1,dokumenty,98
Pieniądze,1,dokumenty,98
Mapa,1,dokumenty,98
EKUZ,1,dokumenty,98
Dowód,1,dokumenty,99
Mapa,1,dokumenty,99
Pieniądze,1,dokumenty,99
Portfel,1,dokumenty,99
EKUZ,1,dokumenty,99
Ubezpieczenie,1,dokumenty,99
Dowód,1,dokumenty,100
Pieniądze,1,dokumenty,100
Portfel,1,dokumenty,100
Ubezpieczenie,1,dokumenty,100
Karta kredytowa,1,dokumenty,100
Mapa,1,dokumenty,101
Portfel,1,dokumenty,101
Ubezpieczenie,1,dokumenty,101
Dowód,1,dokumenty,101
Legitymacja,1,dokumenty,101
Pieniądze,1,dokumenty,101
Dowód,1,dokumenty,102
Teczka,1,dokumenty,102
Identyfikator,1,dokumenty,102
Karta kredytowa,1,dokumenty,102
Prawo jazdy,1,dokumenty,102
Dowód,1,dokumenty,103
Potwierdzenie hotelu,1,dokumenty,103
Umowa,1,dokumenty,103
Teczka,1,dokumenty,103
Pieniądze,1,dokumenty,103
Prawo jazdy,1,dokumenty,103
Identyfikator,1,dokumenty,103
Karta kredytowa,1,dokumenty,103
Dowód,1,dokumenty,104
Potwierdzenie hotelu,1,dokumenty,104
Pieniądze,1,dokumenty,104
Portfel,1,dokumenty,104
EKUZ,1,dokumenty,104
Legitymacja,1,dokumenty,104
Dowód,1,dokumenty,105
Potwierdzenie hotelu,1,dokumenty,105
Paszport,1,dokumenty,105
Pieniądze,1,dokumenty,105
EKUZ,1,dokumenty,105
Legitymacja,1,dokumenty,105
Dowód,1,dokumenty,106
Bilet na samolot,1,dokumenty,106
Potwierdzenie hotelu,1,dokumenty,106
Paszport,1,dokumenty,106
Pieniądze,1,dokumenty,106
Portfel,1,dokumenty,106
Ubezpieczenie,1,dokumenty,106
Karta kredytowa,1,dokumenty,106
Dowód,1,dokumenty,107
Bilet na samolot,1,dokumenty,107
Potwierdzenie hotelu,1,dokumenty,107
Pieniądze,1,dokumenty,107
Wiza,1,dokumenty,107
Mapa,1,dokumenty,107
Portfel,1,dokumenty,107
Ubezpieczenie,1,dokumenty,107
Karta kredytowa,1,dokumenty,107
Laptop,1,elektronika,1
Telefon,1,elektronika,1
Ładowarka do telefonu,1,elektronika,1
Ładowarka do laptopa,1,elektronika,1
Powerbank,1,elektronika,1
Kindle,1,elektronika,1
Słuchawki,1,elektronika,1
Słuchawki,1,elektronika,1
Telefon,1,elektronika,2
Ładowarka do telefonu,1,elektronika,2
Powerbank,1,elektronika,2
Kindle,1,elektronika,2
Słuchawki,1,elektronika,2
Telefon,1,elektronika,3
Ładowarka do telefonu,1,elektronika,3
Telefon,1,elektronika,4
Ładowarka do telefonu,1,elektronika,4
Powerbank,1,elektronika,4
Słuchawki,1,elektronika,4
Aparat,1,elektronika,4
Laptop,1,elektronika,5
Telefon,1,elektronika,5
Ładowarka do telefonu,1,elektronika,5
Ładowarka do laptopa,1,elektronika,5
Powerbank,1,elektronika,5
Słuchawki,1,elektronika,5
Aparat,1,elektronika,5
Suszarka do włosów,1,elektronika,5
Telefon,1,elektronika,6
Ładowarka do telefonu,1,elektronika,6
Suszarka do włosów,1,elektronika,6
Ładowarka do laptopa,1,elektronika,7
Laptop,1,elektronika,7
Telefon,1,elektronika,7
Ładowarka do telefonu,1,elektronika,7
Telefon,1,elektronika,8
Ładowarka do telefonu,1,elektronika,8
Powerbank,1,elektronika,8
Głośnik,1,elektronika,8
Kamera,1,elektronika,8
Suszarka do włosów,1,elektronika,8
Telefon,1,elektronika,9
Ładowarka do telefonu,1,elektronika,9
Słuchawki,1,elektronika,9
Tablet,1,elektronika,9
Ładowarka do tabletu,1,elektronika,9
Baterie,1,elektronika,9
Smartwatch,1,elektronika,9
Telefon,1,elektronika,10
Ładowarka do telefonu,1,elektronika,10
Kindle,1,elektronika,10
Słuchawki,1,elektronika,10
Aparat,1,elektronika,10
Smartwatch,1,elektronika,10
Suszarka do włosów,1,elektronika,10
Telefon,1,elektronika,11
Ładowarka do telefonu,1,elektronika,11
Tablet,1,elektronika,11
Ładowarka do tabletu,1,elektronika,11
Głośnik,1,elektronika,11
Suszarka do włosów,1,elektronika,11
Laptop,1,elektronika,12
Telefon,1,elektronika,12
Ładowarka do telefonu,1,elektronika,12
Ładowarka do laptopa,1,elektronika,12
Powerbank,1,elektronika,12
Kindle,1,elektronika,12
Słuchawki,1,elektronika,12
Tablet,1,elektronika,12
Ładowarka do tabletu,1,elektronika,12
Baterie,1,elektronika,12
Aparat,1,elektronika,12
Nawigacja,1,elektronika,12
Smartwatch,1,elektronika,12
Telefon,1,elektronika,13
Ładowarka do telefonu,1,elektronika,13
Powerbank,1,elektronika,13
PlayStation,1,elektronika,13
Aparat,1,elektronika,13
GPS,1,elektronika,13
Laptop,1,elektronika,14
Telefon,1,elektronika,14
Ładowarka do telefonu,1,elektronika,14
Ładowarka do laptopa,1,elektronika,14
Powerbank,1,elektronika,14
Słuchawki,1,elektronika,14
Tablet,1,elektronika,14
Ładowarka do tabletu,1,elektronika,14
Smartwatch,1,elektronika,14
Telefon,1,elektronika,15
Ładowarka do telefonu,1,elektronika,15
Radio,1,elektronika,15
Kamera,1,elektronika,15
Baterie,1,elektronika,15
Suszarka do włosów,1,elektronika,15
Telefon,1,elektronika,16
Ładowarka do telefonu,1,elektronika,16
Aparat,1,elektronika,16
Telefon,1,elektronika,17
Ładowarka do telefonu,1,elektronika,17
Powerbank,1,elektronika,17
Słuchawki,1,elektronika,17
Głośnik,1,elektronika,17
Dron,1,elektronika,17
Telefon,1,elektronika,18
Ładowarka do telefonu,1,elektronika,18
Powerbank,1,elektronika,18
Kindle,1,elektronika,18
Słuchawki,1,elektronika,18
Smartwatch,1,elektronika,18
Laptop,1,elektronika,19
Telefon,1,elektronika,19
Ładowarka do telefonu,1,elektronika,19
Ładowarka do laptopa,1,elektronika,19
Powerbank,1,elektronika,19
Słuchawki,1,elektronika,19
Głośnik,1,elektronika,19
Smartwatch,1,elektronika,19
Telefon,1,elektronika,20
Ładowarka do telefonu,1,elektronika,20
Powerbank,1,elektronika,20
Słuchawki,1,elektronika,20
Aparat,1,elektronika,20
Telefon,1,elektronika,21
Ładowarka do telefonu,1,elektronika,21
Tablet,1,elektronika,21
Ładowarka do tabletu,1,elektronika,21
Radio,1,elektronika,21
Smartwatch,1,elektronika,21
Suszarka do włosów,1,elektronika,21
Laptop,1,elektronika,22
Telefon,1,elektronika,22
Ładowarka do telefonu,1,elektronika,22
Ładowarka do laptopa,1,elektronika,22
Powerbank,1,elektronika,22
Kindle,1,elektronika,22
Słuchawki,1,elektronika,22
Smartwatch,1,elektronika,22
Laptop,1,elektronika,23
Telefon,1,elektronika,23
Ładowarka do telefonu,1,elektronika,23
Ładowarka do laptopa,1,elektronika,23
Nawigacja,1,elektronika,23
Laptop,1,elektronika,24
Telefon,1,elektronika,24
Ładowarka do telefonu,1,elektronika,24
Ładowarka do laptopa,1,elektronika,24
Powerbank,1,elektronika,24
Nawigacja,1,elektronika,24
Smartwatch,1,elektronika,24
Telefon,1,elektronika,25
Ładowarka do telefonu,1,elektronika,25
Słuchawki,1,elektronika,25
Aparat,1,elektronika,25
Suszarka do włosów,1,elektronika,25
Laptop,1,elektronika,26
Telefon,1,elektronika,26
Ładowarka do telefonu,1,elektronika,26
Ładowarka do laptopa,1,elektronika,26
Powerbank,1,elektronika,26
Słuchawki,1,elektronika,26
Głośnik,1,elektronika,26
Suszarka do włosów,1,elektronika,26
Telefon,1,elektronika,27
Ładowarka do telefonu,1,elektronika,27
Nawigacja,1,elektronika,27
Kindle,1,elektronika,27
Słuchawki,1,elektronika,27
Laptop,1,elektronika,28
Telefon,1,elektronika,28
Ładowarka do telefonu,1,elektronika,28
Ładowarka do laptopa,1,elektronika,28
Słuchawki,1,elektronika,28
Aparat,1,elektronika,28
Suszarka do włosów,1,elektronika,28
Klawiatura,1,elektronika,29
Mysz,1,elektronika,29
Laptop,1,elektronika,29
Telefon,1,elektronika,29
Ładowarka do telefonu,1,elektronika,29
Ładowarka do laptopa,1,elektronika,29
Laptop,1,elektronika,30
Telefon,1,elektronika,30
Ładowarka do telefonu,1,elektronika,30
Ładowarka do laptopa,1,elektronika,30
Powerbank,1,elektronika,30
Suszarka do włosów,1,elektronika,30
Telefon,1,elektronika,31
Ładowarka do telefonu,1,elektronika,31
Słuchawki,1,elektronika,31
Suszarka do włosów,1,elektronika,31
Telefon,1,elektronika,32
Ładowarka do telefonu,1,elektronika,32
Kindle,1,elektronika,32
Tablet,1,elektronika,32
Ładowarka do tabletu,1,elektronika,32
Smartwatch,1,elektronika,32
Suszarka do włosów,1,elektronika,32
Telefon,1,elektronika,33
Dron,1,elektronika,33
Telefon,1,elektronika,34
Ładowarka do telefonu,1,elektronika,34
Telefon,1,elektronika,35
Ładowarka do telefonu,1,elektronika,35
Powerbank,1,elektronika,35
Głośnik,1,elektronika,35
Telefon,1,elektronika,36
Ładowarka do telefonu,1,elektronika,36
Baterie,1,elektronika,36
Aparat,1,elektronika,36
Laptop,1,elektronika,37
Telefon,1,elektronika,37
Ładowarka do telefonu,1,elektronika,37
Ładowarka do laptopa,1,elektronika,37
Kindle,1,elektronika,37
Kamera,1,elektronika,37
Telefon,1,elektronika,38
Ładowarka do telefonu,1,elektronika,38
Powerbank,1,elektronika,38
Dron,1,elektronika,38
Nawigacja,1,elektronika,38
Telefon,1,elektronika,39
Ładowarka do telefonu,1,elektronika,39
Telefon,1,elektronika,40
Ładowarka do telefonu,1,elektronika,40
Powerbank,1,elektronika,40
Kindle,1,elektronika,40
Słuchawki,1,elektronika,40
Telefon,1,elektronika,41
Ładowarka do telefonu,1,elektronika,41
Tablet,1,elektronika,41
Ładowarka do tabletu,1,elektronika,41
Telefon,1,elektronika,42
Ładowarka do telefonu,1,elektronika,42
Baterie,1,elektronika,42
Aparat,1,elektronika,42
Telefon,1,elektronika,43
Ładowarka do telefonu,1,elektronika,43
Słuchawki,1,elektronika,43
Aparat,1,elektronika,43
Laptop,1,elektronika,44
Telefon,1,elektronika,44
Ładowarka do telefonu,1,elektronika,44
Ładowarka do laptopa,1,elektronika,44
Powerbank,1,elektronika,44
Głośnik,1,elektronika,44
Nawigacja,1,elektronika,44
Telefon,1,elektronika,45
Ładowarka do telefonu,1,elektronika,45
Słuchawki,1,elektronika,45
Dron,1,elektronika,45
Nawigacja,1,elektronika,45
Smartwatch,1,elektronika,45
Laptop,1,elektronika,46
Telefon,1,elektronika,46
Ładowarka do telefonu,1,elektronika,46
Ładowarka do laptopa,1,elektronika,46
Klawiatura,1,elektronika,46
Mysz,1,elektronika,46
Laptop,1,elektronika,47
Telefon,1,elektronika,47
Ładowarka do telefonu,1,elektronika,47
Ładowarka do laptopa,1,elektronika,47
Telefon,1,elektronika,48
Ładowarka do telefonu,1,elektronika,48
Powerbank,1,elektronika,48
Aparat,1,elektronika,48
Telefon,1,elektronika,49
Ładowarka do telefonu,1,elektronika,49
Słuchawki,1,elektronika,49
Suszarka do włosów,1,elektronika,49
Telefon,1,elektronika,50
Ładowarka do telefonu,1,elektronika,50
Powerbank,1,elektronika,50
Kindle,1,elektronika,50
Słuchawki,1,elektronika,50
Telefon,1,elektronika,51
Ładowarka do telefonu,1,elektronika,51
Aparat,1,elektronika,51
Suszarka do włosów,1,elektronika,51
Telefon,1,elektronika,52
Ładowarka do telefonu,1,elektronika,52
Kindle,1,elektronika,52
Telefon,1,elektronika,53
Ładowarka do telefonu,1,elektronika,53
Powerbank,1,elektronika,53
Głośnik,1,elektronika,53
Suszarka do włosów,1,elektronika,53
Laptop,1,elektronika,54
Telefon,1,elektronika,54
Ładowarka do telefonu,1,elektronika,54
Ładowarka do laptopa,1,elektronika,54
Powerbank,1,elektronika,54
Dron,1,elektronika,54
Suszarka do włosów,1,elektronika,54
Telefon,1,elektronika,55
Ładowarka do telefonu,1,elektronika,55
Smartwatch,1,elektronika,55
Suszarka do włosów,1,elektronika,55
Telefon,1,elektronika,56
Ładowarka do telefonu,1,elektronika,56
Powerbank,1,elektronika,56
Kindle,1,elektronika,56
Aparat,1,elektronika,56
Telefon,1,elektronika,57
Ładowarka do telefonu,1,elektronika,57
Słuchawki,1,elektronika,57
Powerbank,1,elektronika,57
Nawigacja,1,elektronika,57
Smartwatch,1,elektronika,57
Telefon,1,elektronika,58
Ładowarka do telefonu,1,elektronika,58
Słuchawki,1,elektronika,58
Dron,1,elektronika,58
Nawigacja,1,elektronika,58
Telefon,1,elektronika,59
Ładowarka do telefonu,1,elektronika,59
Słuchawki,1,elektronika,59
Telefon,1,elektronika,60
Ładowarka do telefonu,1,elektronika,60
Nawigacja,1,elektronika,60
Telefon,1,elektronika,61
Ładowarka do telefonu,1,elektronika,61
Aparat,1,elektronika,61
Radio,1,elektronika,61
Telefon,1,elektronika,62
Ładowarka do telefonu,1,elektronika,62
Powerbank,1,elektronika,62
Słuchawki,1,elektronika,62
Smartwatch,1,elektronika,62
Telefon,1,elektronika,63
Ładowarka do telefonu,1,elektronika,63
Powerbank,1,elektronika,63
Smartwatch,1,elektronika,63
Laptop,1,elektronika,64
Telefon,1,elektronika,64
Ładowarka do telefonu,1,elektronika,64
Ładowarka do laptopa,1,elektronika,64
Słuchawki,1,elektronika,64
Mysz,1,elektronika,64
Laptop,1,elektronika,65
Telefon,1,elektronika,65
Ładowarka do telefonu,1,elektronika,65
Ładowarka do laptopa,1,elektronika,65
Słuchawki,1,elektronika,65
Smartwatch,1,elektronika,65
Telefon,1,elektronika,66
Ładowarka do telefonu,1,elektronika,66
Słuchawki,1,elektronika,66
Telefon,1,elektronika,67
Ładowarka do telefonu,1,elektronika,67
Słuchawki,1,elektronika,67
Dron,1,elektronika,67
Telefon,1,elektronika,68
Telefon,1,elektronika,69
Ładowarka do telefonu,1,elektronika,69
Powerbank,1,elektronika,69
Laptop,1,elektronika,70
Telefon,1,elektronika,70
Ładowarka do telefonu,1,elektronika,70
Ładowarka do laptopa,1,elektronika,70
Powerbank,1,elektronika,70
Słuchawki,1,elektronika,70
Aparat,1,elektronika,70
Telefon,1,elektronika,71
Ładowarka do telefonu,1,elektronika,71
Powerbank,1,elektronika,71
Kindle,1,elektronika,71
Słuchawki,1,elektronika,71
Telefon,1,elektronika,72
Ładowarka do telefonu,1,elektronika,72
Powerbank,1,elektronika,72
Słuchawki,1,elektronika,72
Aparat,1,elektronika,72
Telefon,1,elektronika,73
Ładowarka do telefonu,1,elektronika,73
Powerbank,1,elektronika,73
Aparat,1,elektronika,73
Telefon,1,elektronika,74
Ładowarka do telefonu,1,elektronika,74
Powerbank,1,elektronika,74
Telefon,1,elektronika,75
Ładowarka do telefonu,1,elektronika,75
Telefon,1,elektronika,76
Ładowarka do telefonu,1,elektronika,76
Aparat,1,elektronika,76
Nawigacja,1,elektronika,76
Laptop,1,elektronika,77
Telefon,1,elektronika,77
Ładowarka do telefonu,1,elektronika,77
Ładowarka do laptopa,1,elektronika,77
Powerbank,1,elektronika,77
Baterie,1,elektronika,77
Aparat,1,elektronika,77
Telefon,1,elektronika,78
Ładowarka do telefonu,1,elektronika,78
Powerbank,1,elektronika,78
Kindle,1,elektronika,78
Nawigacja,1,elektronika,78
Laptop,1,elektronika,79
Telefon,1,elektronika,79
Ładowarka do laptopa,1,elektronika,79
Klawiatura,1,elektronika,79
Mysz,1,elektronika,79
Laptop,1,elektronika,80
Telefon,1,elektronika,80
Ładowarka do telefonu,1,elektronika,80
Ładowarka do laptopa,1,elektronika,80
Słuchawki,1,elektronika,80
Suszarka do włosów,1,elektronika,80
Telefon,1,elektronika,81
Ładowarka do telefonu,1,elektronika,81
Telefon,1,elektronika,82
Ładowarka do telefonu,1,elektronika,82
Aparat,1,elektronika,82
Telefon,1,elektronika,83
Ładowarka do telefonu,1,elektronika,83
Aparat,1,elektronika,83
Telefon,1,elektronika,84
Aparat,1,elektronika,84
Telefon,1,elektronika,85
Ładowarka do telefonu,1,elektronika,85
Aparat,1,elektronika,85
Telefon,1,elektronika,86
Ładowarka do telefonu,1,elektronika,86
Słuchawki,1,elektronika,86
Telefon,1,elektronika,87
Ładowarka do telefonu,1,elektronika,87
Telefon,1,elektronika,88
Ładowarka do telefonu,1,elektronika,88
Powerbank,1,elektronika,88
Aparat,1,elektronika,88
Telefon,1,elektronika,89
Powerbank,1,elektronika,89
Aparat,1,elektronika,89
Telefon,1,elektronika,90
Ładowarka do telefonu,1,elektronika,90
Powerbank,1,elektronika,90
Telefon,1,elektronika,91
Ładowarka do telefonu,1,elektronika,91
Powerbank,1,elektronika,91
Telefon,1,elektronika,92
Ładowarka do telefonu,1,elektronika,92
Powerbank,1,elektronika,92
Baterie,1,elektronika,92
Aparat,1,elektronika,92
Telefon,1,elektronika,93
Ładowarka do telefonu,1,elektronika,93
Powerbank,1,elektronika,93
Słuchawki,1,elektronika,93
Telefon,1,elektronika,94
Ładowarka do telefonu,1,elektronika,94
Powerbank,1,elektronika,94
Smartwatch,1,elektronika,94
Baterie,1,elektronika,94
Aparat,1,elektronika,94
Telefon,1,elektronika,95
Powerbank,1,elektronika,95
Telefon,1,elektronika,96
Ładowarka do telefonu,1,elektronika,96
Słuchawki,1,elektronika,96
Aparat,1,elektronika,96
Telefon,1,elektronika,97
Powerbank,1,elektronika,97
Aparat,1,elektronika,97
Kamera,1,elektronika,97
Telefon,1,elektronika,98
Ładowarka do telefonu,1,elektronika,98
Aparat,1,elektronika,98
Telefon,1,elektronika,99
Ładowarka do telefonu,1,elektronika,99
Powerbank,1,elektronika,99
Aparat,1,elektronika,99
Telefon,1,elektronika,100
Ładowarka do telefonu,1,elektronika,100
Aparat,1,elektronika,100
Telefon,1,elektronika,101
Ładowarka do telefonu,1,elektronika,101
Powerbank,1,elektronika,101
Laptop,1,elektronika,102
Telefon,1,elektronika,102
Ładowarka do laptopa,1,elektronika,102
Słuchawki,1,elektronika,102
Nawigacja,1,elektronika,102
Laptop,1,elektronika,103
Telefon,1,elektronika,103
Ładowarka do telefonu,1,elektronika,103
Ładowarka do laptopa,1,elektronika,103
Nawigacja,1,elektronika,103
Telefon,1,elektronika,104
Ładowarka do telefonu,1,elektronika,104
Słuchawki,1,elektronika,104
Aparat,1,elektronika,104
Telefon,1,elektronika,105
Ładowarka do telefonu,1,elektronika,105
Powerbank,1,elektronika,105
Aparat,1,elektronika,105
Telefon,1,elektronika,106
Ładowarka do telefonu,1,elektronika,106
Kindle,1,elektronika,106
Słuchawki,1,elektronika,106
Aparat,1,elektronika,106
Głośnik,1,elektronika,106
Telefon,1,elektronika,107
Ładowarka do telefonu,1,elektronika,107
Powerbank,1,elektronika,107
Słuchawki,1,elektronika,107
Aparat,1,elektronika,107
Prezent,1,inne,1
Książka,1,inne,1
Kanapka,1,inne,1
Przewodnik,1,inne,2
Książka,1,inne,3
Zapasowa dętka,1,inne,4
Plecak,1,inne,4
Plecak,1,inne,3
Torebka,2,inne,1
Torebka,2,inne,2
Torebka,2,inne,3
Książka,2,inne,5
Plecak,1,inne,5
Torebka,1,inne,5
Przewodnik,1,inne,5
Woda,1,inne,5
Przewodnik,1,inne,6
Plecak,1,inne,6
Torebka,1,inne,6
Woda,1,inne,6
Torebka,1,inne,7
Książka,2,inne,8
Kanapka,1,inne,8
Woda,1,inne,8
Plecak,1,inne,8
Plecak,1,inne,9
Torebka,1,inne,9
Książka,2,inne,10
Przewodnik,1,inne,10
Plecak,1,inne,10
Torebka,1,inne,10
Plecak,1,inne,11
Torebka,1,inne,11
Woda,1,inne,12
Woda,1,inne,12
Torba,1,inne,12
Plecak,1,inne,12
Kamizelka ratunkowa,1,inne,12
Jedzenie,1,inne,13
Plecak,1,inne,13
Woda,1,inne,13
Alkohol,1,inne,13
Lekarstwa,1,inne,13
Sprzęt sportowy,1,inne,13
Książka,2,inne,14
Kanapka,1,inne,14
Woda,1,inne,14
Książka,2,inne,15
Plecak,1,inne,15
Woda,1,inne,15
Kanapka,1,inne,15
Lekarstwa,1,inne,15
Sprzęt sportowy,1,inne,16
Środek na insekty,1,inne,16
Lekarstwa,1,inne,16
Jedzenie,1,inne,16
Przewodnik,1,inne,16
Plecak,1,inne,16
Zapasowa dętka,1,inne,16
Alkohol,1,inne,16
Przewodnik,1,inne,17
Plecak,1,inne,17
Środek na insekty,1,inne,17
Kanapka,1,inne,18
Plecak,1,inne,18
Woda,1,inne,18
Karty,1,inne,18
Krótkie spodnie,1,inne,19
Plecak,1,inne,19
Lekarstwa,1,inne,19
Akcesoria do nurkowania,1,inne,19
Kółko do pływania,1,inne,19
Książka,2,inne,20
Kanapka,1,inne,20
Plecak,1,inne,20
Woda,1,inne,20
Alkohol,1,inne,20
Lekarstwa,1,inne,20
Środek na insekty,1,inne,20
Plecak,1,inne,21
Lekarstwa,1,inne,21
Książka,2,inne,22
Lekarstwa,1,inne,22
Środek na insekty,1,inne,22
Książka,1,inne,24
Kanapka,1,inne,24
Książka,1,inne,25
Kanapka,1,inne,25
Przewodnik,1,inne,25
Torebka,1,inne,25
Plecak,1,inne,25
Przewodnik,1,inne,26
Plecak,1,inne,26
Torebka,1,inne,26
Woda,1,inne,26
Lekarstwa,1,inne,26
Plecak,1,inne,27
Lekarstwa,1,inne,27
Karty,1,inne,27
Książka,1,inne,27
Jedzenie,1,inne,28
Woda,1,inne,28
Alkohol,1,inne,28
Torebka,1,inne,28
Sprzęt sportowy,1,inne,28
Sprzęt sportowy,1,inne,27
Torebka,1,inne,29
Woda,1,inne,29
Torebka,1,inne,30
Parasol,1,inne,30
Przewodnik,1,inne,31
Torebka,1,inne,31
Woda,1,inne,31
Lekarstwa,1,inne,31
Środek na insekty,1,inne,31
Przewodnik,1,inne,32
Książka,1,inne,32
Torebka,1,inne,32
Woda,1,inne,32
Lekarstwa,1,inne,32
Środek na insekty,1,inne,32
Akcesoria do nurkowania,1,inne,32
Kanapka,1,inne,33
Plecak,1,inne,33
Woda,1,inne,33
Parasol,1,inne,33
Książka,1,inne,34
Przewodnik,1,inne,34
Plecak,1,inne,34
Woda,1,inne,34
Lekarstwa,1,inne,34
Książka,1,inne,35
Kanapka,1,inne,35
Woda,1,inne,35
Plecak,1,inne,35
Lekarstwa,1,inne,35
Sprzęt sportowy,1,inne,35
Książka,1,inne,36
Przewodnik,1,inne,36
Plecak,1,inne,36
Lekarstwa,1,inne,36
Środek na insekty,1,inne,36
Książka,2,inne,37
Przewodnik,1,inne,37
Plecak,1,inne,37
Lekarstwa,1,inne,37
Karty,1,inne,37
Woda,1,inne,38
Plecak,1,inne,38
Lekarstwa,1,inne,38
Sprzęt sportowy,1,inne,38
Plecak,1,inne,39
Woda,1,inne,39
Sprzęt sportowy,1,inne,39
Książka,2,inne,40
Lekarstwa,1,inne,40
Plecak,1,inne,41
Środek na insekty,1,inne,41
Sprzęt sportowy,1,inne,41
Plecak,1,inne,42
Przewodnik,1,inne,42
Woda,1,inne,42
Parasol,1,inne,42
Lekarstwa,1,inne,42
Karty,1,inne,42
Kanapka,1,inne,43
Przewodnik,1,inne,43
Plecak,1,inne,43
Parasol,1,inne,43
Plecak,1,inne,44
Lekarstwa,1,inne,44
Sprzęt sportowy,1,inne,44
Jedzenie,1,inne,45
Sprzęt sportowy,1,inne,45
Woda,1,inne,45
Woda,1,inne,46
Książka,1,inne,46
Parasol,1,inne,46
Parasol,1,inne,47
Książka,1,inne,48
Przewodnik,2,inne,48
Plecak,1,inne,48
Lekarstwa,1,inne,48
Gra planszowa,1,inne,48
Książka,1,inne,49
Kanapka,1,inne,49
Plecak,1,inne,49
Karty,1,inne,49
Książka,1,inne,50
Plecak,1,inne,50
Środek na insekty,1,inne,50
Akcesoria do nurkowania,1,inne,50
Sprzęt sportowy,1,inne,50
Gra planszowa,1,inne,50
Przewodnik,1,inne,51
Książka,1,inne,51
Woda,1,inne,51
Torebka,1,inne,51
Lekarstwa,1,inne,51
Środek na insekty,1,inne,51
Książka,1,inne,52
Torebka,1,inne,52
Lekarstwa,1,inne,52
Środek na insekty,1,inne,52
Plecak,1,inne,53
Lekarstwa,1,inne,53
Karty,1,inne,53
Gra planszowa,1,inne,53
Sprzęt sportowy,1,inne,53
Plecak,1,inne,54
Książka,1,inne,54
Woda,1,inne,54
Jedzenie,1,inne,54
Lekarstwa,1,inne,54
Sprzęt sportowy,1,inne,54
Gra planszowa,1,inne,54
Książka,1,inne,55
Przewodnik,1,inne,55
Torebka,1,inne,55
Lekarstwa,1,inne,55
Środek na insekty,1,inne,55
Przewodnik,1,inne,56
Torebka,1,inne,56
Lekarstwa,1,inne,56
Środek na insekty,1,inne,56
Gra planszowa,1,inne,56
Kółko do pływania,1,inne,56
Jedzenie,1,inne,57
Plecak,1,inne,57
Lekarstwa,1,inne,57
Środek na insekty,1,inne,57
Sprzęt sportowy,1,inne,57
Gra planszowa,1,inne,57
Książka,1,inne,58
Plecak,1,inne,58
Lekarstwa,1,inne,58
Środek na insekty,1,inne,58
Gra planszowa,1,inne,58
Karty,1,inne,58
Plecak,1,inne,59
Sprzęt sportowy,1,inne,59
Jedzenie,1,inne,60
Lekarstwa,1,inne,60
Książka,1,inne,61
Jedzenie,1,inne,61
Przewodnik,1,inne,61
Lekarstwa,1,inne,61
Książka,1,inne,62
Przewodnik,1,inne,62
Plecak,1,inne,62
Woda,1,inne,62
Książka,1,inne,63
Kanapka,1,inne,63
Plecak,1,inne,63
Parasol,1,inne,63
Książka,1,inne,64
Woda,1,inne,64
Książka,1,inne,66
Kanapka,1,inne,66
Plecak,1,inne,66
Kółko do pływania,1,inne,66
Plecak,1,inne,67
Woda,1,inne,67
Kanapka,1,inne,67
Kanapka,1,inne,68
Plecak,1,inne,68
Woda,1,inne,68
Parasol,1,inne,68
Książka,1,inne,69
Kanapka,1,inne,69
Plecak,1,inne,69
Woda,1,inne,69
Parasol,1,inne,69
Karty,1,inne,69
Gra planszowa,1,inne,69
Przewodnik,1,inne,70
Książka,1,inne,70
Plecak,1,inne,70
Lekarstwa,1,inne,70
Karty,1,inne,70
Środek na insekty,1,inne,70
Gra planszowa,1,inne,70
Przewodnik,1,inne,71
Książka,1,inne,71
Plecak,1,inne,71
Lekarstwa,1,inne,71
Środek na insekty,1,inne,71
Akcesoria do nurkowania,1,inne,71
Plecak,1,inne,72
Przewodnik,1,inne,72
Książka,1,inne,72
Kanapka,1,inne,72
Lekarstwa,1,inne,72
Środek na insekty,1,inne,72
Kółko do pływania,1,inne,72
Gra planszowa,1,inne,72
Książka,2,inne,73
Kanapka,1,inne,73
Torebka,1,inne,73
Przewodnik,1,inne,73
Lekarstwa,1,inne,73
Środek na insekty,1,inne,73
Gra planszowa,1,inne,73
Książka,2,inne,74
Kanapka,1,inne,74
Plecak,1,inne,74
Środek na insekty,1,inne,74
Kółko do pływania,1,inne,74
Gra planszowa,1,inne,74
Książka,2,inne,75
Kanapka,1,inne,75
Przewodnik,1,inne,75
Torebka,1,inne,75
Parasol,1,inne,75
Lekarstwa,1,inne,75
Przewodnik,1,inne,76
Torebka,1,inne,76
Plecak,1,inne,76
Woda,1,inne,76
Parasol,1,inne,76
Lekarstwa,1,inne,76
Karty,1,inne,76
Gra planszowa,1,inne,76
Jedzenie,1,inne,77
Przewodnik,1,inne,77
Zapasowa dętka,1,inne,77
Plecak,1,inne,77
Lekarstwa,1,inne,77
Środek na insekty,1,inne,77
Sprzęt sportowy,1,inne,77
Plecak,1,inne,78
Woda,1,inne,78
Lekarstwa,1,inne,78
Środek na insekty,1,inne,78
Sprzęt sportowy,1,inne,78
Gra planszowa,1,inne,78
Torebka,1,inne,79
Parasol,1,inne,79
Książka,1,inne,80
Torebka,1,inne,80
Zapasowa dętka,1,inne,81
Lekarstwa,1,inne,81
Sprzęt sportowy,1,inne,81
Woda,1,inne,81
Plecak,1,inne,81
Kanapka,1,inne,82
Zapasowa dętka,1,inne,82
Plecak,1,inne,82
Woda,1,inne,82
Środek na insekty,1,inne,82
Sprzęt sportowy,1,inne,82
Przewodnik,1,inne,83
Zapasowa dętka,1,inne,83
Plecak,1,inne,83
Woda,1,inne,83
Lekarstwa,1,inne,83
Środek na insekty,1,inne,83
Sprzęt sportowy,1,inne,83
Plecak,1,inne,84
Kanapka,1,inne,84
Woda,1,inne,84
Parasol,1,inne,84
Kanapka,1,inne,85
Przewodnik,1,inne,85
Plecak,1,inne,85
Woda,1,inne,85
Lekarstwa,1,inne,85
Środek na insekty,1,inne,85
Przewodnik,1,inne,86
Kanapka,1,inne,86
Plecak,1,inne,86
Woda,1,inne,86
Środek na insekty,1,inne,86
Karty,1,inne,86
Plecak,1,inne,87
Przewodnik,1,inne,87
Woda,1,inne,87
Kanapka,1,inne,87
Środek na insekty,1,inne,87
Zapasowa dętka,1,inne,88
Plecak,1,inne,88
Woda,1,inne,88
Środek na insekty,1,inne,88
Sprzęt sportowy,1,inne,88
Przewodnik,1,inne,89
Zapasowa dętka,1,inne,89
Kanapka,1,inne,89
Plecak,1,inne,89
Woda,1,inne,89
Sprzęt sportowy,1,inne,89
Jedzenie,1,inne,90
Przewodnik,1,inne,90
Zapasowa dętka,1,inne,90
Plecak,1,inne,90
Woda,1,inne,90
Środek na insekty,1,inne,90
Sprzęt sportowy,1,inne,90
Jedzenie,1,inne,91
Zapasowa dętka,1,inne,91
Plecak,1,inne,91
Woda,1,inne,91
Środek na insekty,1,inne,91
Lekarstwa,1,inne,91
Sprzęt sportowy,1,inne,91
Przewodnik,1,inne,92
Plecak,1,inne,92
Kanapka,1,inne,92
Woda,1,inne,92
Parasol,1,inne,92
Lekarstwa,1,inne,92
Środek na insekty,1,inne,92
Jedzenie,1,inne,93
Przewodnik,1,inne,93
Plecak,1,inne,93
Woda,1,inne,93
Parasol,1,inne,93
Lekarstwa,1,inne,93
Środek na insekty,1,inne,93
Karty,1,inne,93
Jedzenie,1,inne,94
Przewodnik,1,inne,94
Zapasowa dętka,1,inne,94
Plecak,1,inne,94
Lekarstwa,1,inne,94
Środek na insekty,1,inne,94
Woda,1,inne,94
Sprzęt sportowy,1,inne,94
Zapasowa dętka,1,inne,95
Plecak,1,inne,95
Woda,1,inne,95
Kanapka,1,inne,95
Środek na insekty,1,inne,95
Sprzęt sportowy,1,inne,95
Przewodnik,1,inne,96
Zapasowa dętka,1,inne,96
Plecak,1,inne,96
Woda,1,inne,96
Lekarstwa,1,inne,96
Środek na insekty,1,inne,96
Karty,1,inne,96
Plecak,1,inne,97
Przewodnik,1,inne,97
Woda,1,inne,97
Środek na insekty,1,inne,97
Parasol,1,inne,97
Przewodnik,1,inne,98
Kanapka,1,inne,98
Plecak,1,inne,98
Woda,1,inne,98
Lekarstwa,1,inne,98
Środek na insekty,1,inne,98
Jedzenie,1,inne,99
Przewodnik,1,inne,99
Plecak,1,inne,99
Woda,1,inne,99
Lekarstwa,1,inne,99
Środek na insekty,1,inne,99
Plecak,1,inne,100
Woda,1,inne,100
Przewodnik,1,inne,100
Zapasowa dętka,1,inne,100
Lekarstwa,1,inne,100
Środek na insekty,1,inne,100
Sprzęt sportowy,1,inne,100
Przewodnik,1,inne,101
Zapasowa dętka,1,inne,101
Plecak,1,inne,101
Woda,1,inne,101
Środek na insekty,1,inne,101
Karty,1,inne,101
Sprzęt sportowy,1,inne,101
Kanapka,1,inne,102
Woda,1,inne,102
Książka,1,inne,103
Woda,1,inne,103
Lekarstwa,1,inne,103
Książka,1,inne,104
Kanapka,1,inne,104
Plecak,1,inne,104
Przewodnik,1,inne,104
Parasol,1,inne,104
Karty,1,inne,104
Gra planszowa,1,inne,104
Przewodnik,1,inne,105
Woda,1,inne,105
Plecak,1,inne,105
Książka,1,inne,106
Przewodnik,1,inne,106
Plecak,1,inne,106
Lekarstwa,1,inne,106
Środek na insekty,1,inne,106
Gra planszowa,1,inne,106
Kółko do pływania,1,inne,106
Książka,1,inne,107
Plecak,1,inne,107
Przewodnik,1,inne,107
Lekarstwa,1,inne,107
Środek na insekty,1,inne,107
Karty,1,inne,107
Akcesoria do nurkowania,1,inne,107
Kółko do pływania,1,inne,107
Gra planszowa,1,inne,107